id,liked,viewed,boardId,userId
0,0,1,37,6
1,0,0,28,46
2,0,1,18,11
3,1,1,3,12
4,0,1,41,30
5,1,0,22,28
6,0,1,39,35
7,1,0,30,44
8,0,0,1,44
9,1,0,6,44
10,0,0,22,3
11,1,1,44,28
12,1,1,24,28
13,1,0,36,24
14,0,0,24,17
15,0,1,19,47
16,0,1,16,6
17,1,1,14,41
18,0,1,46,7
19,1,1,11,48
20,1,0,36,17
21,0,0,8,25
22,0,1,24,45
23,0,0,19,22
24,1,1,34,37
25,0,0,38,17
26,0,1,12,50
27,0,1,3,8
28,0,1,26,40
29,0,1,19,6
30,1,1,35,17
31,1,0,30,16
32,1,0,42,24
33,1,0,26,19
34,0,0,7,41
35,0,1,33,24
36,0,1,13,28
37,1,0,8,21
38,1,0,41,6
39,1,0,43,13
40,0,0,14,3
41,1,1,34,30
42,0,0,2,6
43,0,0,48,31
44,0,0,13,28
45,0,0,13,34
46,0,1,6,46
47,1,1,3,0
48,0,1,43,29
49,1,1,30,35
50,1,0,39,5
51,0,0,15,25
52,0,0,29,39
53,1,0,7,25
54,1,0,9,6
55,1,1,11,2
56,1,0,36,0
57,0,1,28,6
58,0,0,21,37
59,1,1,42,41
60,1,0,32,35
61,1,1,23,10
62,1,1,40,34
63,1,0,16,38
64,1,1,28,49
65,0,0,35,40
66,0,0,21,9
67,0,1,14,8
68,0,0,44,24
69,1,1,46,24
70,1,1,49,34
71,0,1,45,9
72,0,0,5,1
73,1,0,36,36
74,0,1,13,32
75,1,0,14,31
76,1,0,21,46
77,0,1,8,8
78,1,1,45,1
79,1,0,31,41
80,0,0,26,41
81,0,0,25,42
82,1,0,48,34
83,0,0,19,9
84,0,0,31,25
85,0,1,16,3
86,1,1,39,13
87,0,0,45,47
88,0,0,21,47
89,0,0,15,19
90,0,0,6,15
91,0,1,13,12
92,1,1,49,23
93,1,0,12,22
94,1,1,12,39
95,0,1,7,16
96,0,0,39,49
97,0,0,15,14
98,0,1,1,3
99,0,1,14,20
100,0,1,7,48
101,1,1,47,49
102,0,1,34,42
103,1,1,28,47
104,0,1,25,1
105,1,0,1,29
106,1,1,0,45
107,0,0,27,34
108,0,0,41,32
109,1,0,33,40
110,1,0,31,2
111,1,0,0,22
112,1,1,41,33
113,1,1,0,47
114,0,0,32,4
115,0,1,39,42
116,0,1,2,10
117,0,1,27,29
118,0,1,16,19
119,0,0,16,27
120,1,0,1,5
121,0,0,18,7
122,0,1,21,11
123,0,1,13,44
124,1,1,50,2
125,0,1,24,32
126,0,1,11,28
127,1,0,2,50
128,1,1,34,11
129,1,1,31,14
130,0,0,31,8
131,0,1,30,49
132,1,0,43,7
133,0,0,14,15
134,1,0,31,20
135,1,0,34,3
136,1,1,24,8
137,0,0,27,10
138,0,0,39,5
139,1,0,1,50
140,0,1,4,8
141,0,1,37,13
142,1,0,50,13
143,0,1,33,28
144,1,0,1,46
145,0,1,0,15
146,0,1,27,19
147,1,0,20,22
148,1,1,8,4
149,0,0,43,7
150,0,1,43,12
151,1,1,12,33
152,0,0,30,44
153,0,1,11,5
154,1,0,26,8
155,0,1,22,39
156,0,1,35,39
157,0,1,24,41
158,0,0,22,36
159,0,1,43,31
160,0,1,49,31
161,0,0,21,18
162,1,1,36,7
163,0,1,0,18
164,1,0,7,11
165,0,0,22,30
166,1,1,36,0
167,1,0,49,13
168,1,1,47,12
169,0,0,12,48
170,0,1,10,20
171,0,0,15,12
172,0,1,41,37
173,1,0,1,37
174,1,0,34,19
175,0,1,27,9
176,0,1,23,41
177,0,1,44,34
178,0,0,48,49
179,1,0,3,29
180,0,1,15,48
181,0,0,5,38
182,0,0,19,6
183,1,1,47,37
184,0,1,38,43
185,1,1,22,12
186,0,0,27,32
187,1,1,27,8
188,0,0,29,9
189,0,1,46,50
190,1,1,38,3
191,0,1,40,47
192,1,0,34,24
193,0,1,21,32
194,1,1,49,12
195,0,0,39,34
196,0,1,32,25
197,1,1,23,29
198,0,1,44,30
199,0,0,34,48
200,0,1,25,16
201,0,1,10,7
202,1,0,40,27
203,1,1,33,26
204,1,0,42,40
205,1,0,16,37
206,0,0,49,48
207,1,1,15,3
208,1,1,25,24
209,1,0,17,26
210,1,0,40,35
211,1,0,21,33
212,1,0,25,12
213,0,1,16,28
214,1,1,25,24
215,0,1,7,27
216,1,1,17,14
217,0,1,45,18
218,1,1,13,28
219,0,1,24,49
220,1,1,47,47
221,1,0,9,50
222,1,1,13,9
223,1,1,15,13
224,1,0,0,36
225,1,1,19,1
226,0,1,49,6
227,0,0,25,37
228,1,0,5,28
229,0,0,24,43
230,1,0,17,23
231,0,1,48,47
232,1,1,44,21
233,0,0,39,40
234,0,0,13,23
235,1,0,24,34
236,1,1,16,11
237,1,0,39,37
238,1,0,23,4
239,0,1,9,21
240,1,1,50,3
241,1,1,23,7
242,0,1,7,22
243,0,1,32,31
244,1,0,29,45
245,1,0,47,12
246,0,0,43,31
247,0,1,9,30
248,0,1,18,18
249,0,0,49,17
250,0,0,31,45
251,0,1,21,33
252,0,1,10,46
253,0,1,29,33
254,1,1,3,4
255,1,0,2,10
256,1,0,36,39
257,0,1,13,49
258,0,0,10,34
259,0,0,50,32
260,1,1,17,8
261,0,1,42,8
262,1,1,39,41
263,1,1,13,25
264,0,0,21,35
265,1,1,34,13
266,0,0,20,15
267,0,1,35,37
268,1,1,30,50
269,0,0,16,38
270,1,1,45,37
271,1,1,8,16
272,0,1,3,6
273,1,0,8,7
274,0,0,3,35
275,0,1,47,19
276,0,0,12,33
277,0,0,22,40
278,1,1,47,50
279,1,1,11,24
280,1,0,9,25
281,0,0,7,7
282,1,1,20,48
283,0,0,29,48
284,0,1,3,50
285,0,0,28,14
286,1,0,3,50
287,0,1,28,38
288,1,1,32,16
289,0,0,35,9
290,1,0,8,36
291,0,1,12,10
292,1,1,15,39
293,1,1,29,11
294,1,1,19,9
295,0,1,10,5
296,1,0,22,28
297,1,0,0,23
298,0,0,44,11
299,1,0,29,25
300,0,0,23,34
301,0,0,39,38
302,0,0,5,1
303,0,0,45,18
304,0,1,41,45
305,0,0,42,16
306,0,0,48,46
307,0,1,8,36
308,1,0,42,49
309,1,0,4,30
310,1,0,15,29
311,0,0,38,5
312,0,0,45,26
313,0,0,19,33
314,0,0,33,0
315,0,0,31,30
316,0,0,33,9
317,1,1,43,8
318,0,1,49,8
319,1,0,8,42
320,1,1,6,33
321,0,0,18,39
322,1,1,33,50
323,0,0,31,48
324,1,1,44,4
325,0,0,7,22
326,0,1,37,41
327,0,1,14,0
328,1,1,23,23
329,1,0,8,18
330,0,1,18,14
331,1,1,47,3
332,1,1,36,24
333,0,1,37,5
334,1,0,16,8
335,1,1,46,2
336,1,1,9,36
337,1,0,10,1
338,1,1,47,49
339,0,0,39,1
340,0,0,6,50
341,0,0,45,10
342,1,1,32,3
343,0,1,27,5
344,0,0,32,43
345,1,1,47,33
346,0,1,8,35
347,1,1,14,36
348,1,0,19,34
349,0,1,39,22
350,0,0,43,15
351,0,1,25,6
352,0,1,22,43
353,0,1,29,36
354,1,1,49,50
355,0,0,29,4
356,1,0,44,19
357,1,1,14,7
358,1,1,1,47
359,0,1,34,30
360,0,1,39,15
361,0,1,48,1
362,0,1,39,19
363,1,1,35,1
364,0,0,40,7
365,0,0,23,10
366,1,1,31,2
367,0,1,44,33
368,1,0,34,13
369,0,0,14,23
370,0,0,41,13
371,1,0,23,48
372,0,1,49,44
373,1,0,24,39
374,0,0,13,9
375,0,1,29,27
376,0,1,40,29
377,1,1,33,48
378,1,0,2,39
379,1,1,2,50
380,1,1,23,18
381,0,1,17,47
382,1,0,14,47
383,0,1,38,24
384,1,1,46,14
385,1,1,37,18
386,0,1,44,28
387,0,1,8,28
388,0,1,36,5
389,1,1,32,36
390,0,0,30,1
391,0,1,30,31
392,0,0,26,33
393,1,1,49,17
394,1,1,26,27
395,1,0,33,6
396,1,0,44,50
397,1,1,41,4
398,0,0,2,12
399,0,0,8,9
400,0,1,5,12
401,0,1,40,36
402,1,1,7,15
403,1,1,1,38
404,0,1,3,13
405,1,0,6,31
406,1,0,25,40
407,1,1,12,17
408,0,0,35,42
409,0,1,48,48
410,1,1,36,36
411,1,0,9,13
412,1,1,18,32
413,0,0,15,44
414,0,0,7,7
415,0,0,46,0
416,0,1,11,6
417,0,1,19,6
418,0,0,25,43
419,1,1,8,6
420,0,0,39,24
421,0,0,10,42
422,1,1,36,33
423,0,0,14,40
424,0,0,42,17
425,1,0,39,8
426,1,0,5,27
427,1,0,28,36
428,1,0,15,27
429,0,0,5,39
430,0,1,7,6
431,0,1,20,34
432,1,0,36,31
433,0,0,28,44
434,0,0,33,5
435,0,1,3,1
436,0,0,12,34
437,1,1,37,47
438,0,0,27,6
439,0,1,46,22
440,1,0,17,1
441,0,1,9,17
442,1,1,39,25
443,1,0,31,36
444,1,0,37,16
445,0,0,23,40
446,0,0,18,7
447,0,1,11,49
448,1,0,4,14
449,1,0,15,50
450,1,1,25,45
451,0,1,8,15
452,1,0,4,3
453,1,0,1,8
454,1,0,33,44
455,0,1,1,38
456,1,1,11,13
457,0,1,24,3
458,1,0,43,27
459,1,1,8,39
460,0,1,38,1
461,1,0,32,50
462,0,0,48,43
463,1,0,4,19
464,1,1,10,28
465,1,1,18,50
466,1,1,2,0
467,1,0,17,45
468,0,0,24,1
469,0,0,37,10
470,1,1,8,10
471,1,1,8,25
472,1,0,9,36
473,0,1,22,32
474,1,0,26,19
475,0,0,25,19
476,1,0,33,47
477,1,0,21,33
478,0,0,13,2
479,1,1,26,37
480,1,1,23,26
481,0,1,46,34
482,1,1,11,6
483,1,0,43,7
484,1,1,0,12
485,1,1,23,17
486,1,1,1,16
487,0,0,18,17
488,1,1,34,13
489,0,0,19,27
490,1,0,29,8
491,0,0,35,15
492,1,0,10,11
493,1,0,47,35
494,1,0,33,16
495,0,0,50,14
496,1,0,43,12
497,1,0,41,12
498,1,1,34,33
499,1,0,43,40
500,1,0,47,1
501,0,0,11,17
502,0,1,49,42
503,1,0,15,44
504,0,0,18,2
505,1,0,31,46
506,1,1,49,32
507,0,0,11,32
508,0,0,5,19
509,1,0,34,48
510,1,0,15,37
511,0,1,16,34
512,1,1,20,30
513,1,1,21,31
514,0,0,6,40
515,1,0,10,7
516,0,0,40,39
517,1,0,46,38
518,1,1,37,1
519,0,0,13,6
520,0,1,1,1
521,1,0,4,41
522,0,0,50,11
523,0,1,25,0
524,0,1,40,11
525,1,0,15,38
526,0,1,30,2
527,1,0,31,47
528,0,0,32,12
529,0,1,14,22
530,0,1,17,42
531,0,0,26,14
532,0,0,10,0
533,0,0,24,26
534,0,1,21,26
535,0,0,30,32
536,1,1,35,21
537,0,1,38,5
538,0,0,35,32
539,0,0,43,27
540,0,0,32,25
541,0,0,31,24
542,1,0,39,12
543,0,1,28,41
544,1,0,29,20
545,0,1,24,25
546,1,1,36,31
547,1,1,48,20
548,0,1,21,43
549,0,0,34,42
550,1,1,22,41
551,0,1,46,39
552,0,1,46,17
553,1,0,1,18
554,0,0,47,4
555,0,1,42,28
556,1,1,35,12
557,1,1,26,4
558,1,0,21,8
559,0,0,21,31
560,1,0,43,48
561,1,0,37,37
562,1,1,36,39
563,1,1,9,9
564,0,0,36,9
565,0,0,20,43
566,1,0,49,49
567,1,0,5,1
568,1,1,31,7
569,1,0,33,22
570,1,1,6,34
571,0,1,22,49
572,0,1,47,48
573,0,0,30,7
574,1,0,38,5
575,1,1,44,21
576,1,0,19,48
577,0,1,29,45
578,0,0,11,5
579,0,1,33,47
580,1,0,38,10
581,1,0,4,2
582,1,1,32,24
583,0,1,15,30
584,0,1,33,7
585,0,1,22,27
586,1,0,2,37
587,0,1,48,27
588,1,1,17,26
589,0,1,37,49
590,1,1,9,24
591,0,0,44,49
592,1,0,49,44
593,1,1,42,43
594,0,0,32,32
595,0,0,28,42
596,0,1,25,11
597,0,0,45,28
598,0,1,42,29
599,0,0,32,27
600,0,0,18,2
601,1,1,3,5
602,1,1,48,19
603,0,0,35,10
604,1,0,41,46
605,1,1,30,0
606,1,1,26,14
607,1,0,44,15
608,1,0,39,25
609,0,0,1,36
610,1,0,33,40
611,1,0,34,44
612,1,1,20,29
613,0,1,47,13
614,1,1,15,24
615,0,1,2,36
616,1,0,15,32
617,0,0,29,48
618,1,0,5,17
619,1,0,19,0
620,0,1,17,8
621,1,1,45,18
622,1,1,28,42
623,1,1,33,16
624,1,1,42,43
625,1,1,18,20
626,1,1,27,42
627,1,0,32,26
628,0,1,42,32
629,1,1,19,17
630,1,1,45,49
631,0,0,37,9
632,0,1,50,23
633,0,1,6,32
634,1,0,44,40
635,1,1,12,17
636,1,1,36,20
637,1,1,21,11
638,1,0,15,35
639,1,1,28,29
640,1,1,20,50
641,0,0,26,33
642,0,1,24,37
643,1,0,7,0
644,0,0,0,1
645,0,0,30,6
646,0,1,13,3
647,0,1,4,14
648,1,1,16,49
649,0,1,4,36
650,0,0,17,37
651,1,0,10,3
652,0,1,6,10
653,0,0,29,25
654,0,1,45,20
655,1,1,3,1
656,1,0,9,48
657,1,1,3,24
658,0,1,8,10
659,0,0,25,23
660,1,0,15,48
661,1,1,4,29
662,0,0,5,7
663,0,1,22,28
664,1,1,29,17
665,1,0,20,9
666,0,0,14,15
667,0,0,3,43
668,1,0,19,44
669,1,1,15,2
670,0,0,14,37
671,1,1,6,42
672,1,0,37,45
673,0,0,7,5
674,0,0,39,17
675,0,0,48,21
676,0,1,8,44
677,1,1,38,41
678,0,1,46,11
679,0,0,43,2
680,1,1,21,22
681,1,1,13,44
682,0,1,22,24
683,0,0,16,20
684,0,0,26,42
685,0,1,18,8
686,0,1,11,9
687,1,0,48,30
688,0,0,34,42
689,0,1,31,2
690,0,1,40,37
691,0,1,30,34
692,0,1,35,13
693,1,0,41,18
694,1,1,0,1
695,0,1,40,32
696,1,1,39,37
697,0,0,35,4
698,0,1,11,33
699,1,0,48,2
700,1,0,10,17
701,0,0,15,31
702,0,0,33,39
703,1,0,42,41
704,0,1,14,26
705,0,0,31,18
706,0,1,42,35
707,0,0,43,13
708,0,1,14,1
709,0,1,26,24
710,0,1,25,11
711,0,0,17,14
712,0,1,20,15
713,1,1,38,18
714,0,1,12,11
715,0,1,22,10
716,0,0,42,13
717,0,0,2,30
718,0,1,20,16
719,0,1,18,19
720,0,1,19,7
721,0,0,9,38
722,0,1,49,21
723,1,0,45,25
724,0,1,4,49
725,1,0,19,17
726,1,1,2,38
727,0,1,14,28
728,0,0,31,50
729,1,0,20,33
730,0,1,33,45
731,1,0,34,37
732,1,0,21,13
733,1,1,9,16
734,0,1,7,17
735,1,0,43,42
736,1,1,10,23
737,0,0,24,13
738,1,1,6,33
739,1,1,14,36
740,0,0,20,24
741,1,1,9,14
742,0,1,39,44
743,0,0,36,12
744,1,0,33,18
745,1,1,0,40
746,1,1,32,24
747,0,0,25,32
748,1,0,24,14
749,1,0,46,20
750,1,0,34,37
751,1,0,25,38
752,0,1,33,23
753,1,1,17,22
754,0,0,32,31
755,1,0,7,1
756,0,1,3,49
757,1,0,37,27
758,1,1,37,8
759,1,1,25,46
760,1,1,17,35
761,0,1,50,42
762,0,1,7,28
763,1,0,18,17
764,0,0,18,18
765,0,1,33,0
766,1,0,22,9
767,1,1,40,42
768,1,1,2,15
769,0,0,12,27
770,1,1,48,15
771,0,1,28,30
772,0,1,26,0
773,0,0,42,46
774,0,1,36,22
775,0,1,4,45
776,1,0,31,9
777,1,0,24,2
778,0,1,4,43
779,1,1,48,42
780,1,1,46,21
781,0,0,44,18
782,1,0,18,29
783,1,0,43,20
784,1,0,19,43
785,1,0,23,28
786,0,0,38,31
787,1,1,3,8
788,1,0,38,6
789,1,1,20,22
790,0,1,11,26
791,1,0,16,13
792,1,0,22,40
793,1,0,44,2
794,1,1,43,1
795,1,1,26,25
796,1,1,24,42
797,0,0,10,5
798,0,0,48,0
799,0,0,44,7
800,0,1,0,48
801,0,0,43,1
802,0,0,10,21
803,0,0,29,48
804,1,0,43,42
805,0,1,28,27
806,1,0,6,45
807,0,1,32,29
808,1,0,18,32
809,1,1,8,7
810,0,0,4,4
811,0,0,33,21
812,0,0,50,29
813,1,0,4,3
814,0,1,41,5
815,0,0,19,4
816,1,1,7,33
817,1,1,34,4
818,0,0,16,19
819,1,1,27,48
820,1,0,10,15
821,0,0,15,12
822,0,0,43,15
823,0,1,9,48
824,1,1,7,35
825,1,0,19,45
826,0,0,7,22
827,0,0,1,10
828,0,0,43,39
829,0,1,20,7
830,1,0,7,31
831,1,0,17,31
832,0,1,6,45
833,1,0,40,17
834,1,0,31,42
835,1,1,39,40
836,0,0,18,19
837,0,1,24,45
838,1,0,45,40
839,0,1,47,26
840,1,0,6,48
841,0,0,48,18
842,0,0,39,34
843,1,1,42,3
844,1,1,11,44
845,0,0,28,4
846,1,1,33,11
847,1,1,7,37
848,1,1,38,25
849,1,0,40,16
850,0,0,35,14
851,1,0,21,36
852,1,1,32,28
853,1,1,13,46
854,1,1,18,35
855,1,1,40,5
856,1,0,21,46
857,0,0,42,25
858,1,0,7,50
859,1,0,45,19
860,0,0,29,42
861,1,0,37,46
862,1,0,33,35
863,1,0,31,27
864,0,1,1,47
865,0,0,41,38
866,1,1,49,9
867,1,1,29,30
868,1,0,24,26
869,1,0,14,3
870,0,1,19,8
871,0,1,15,28
872,1,0,33,3
873,0,1,39,36
874,0,1,17,45
875,0,1,4,7
876,1,0,33,23
877,1,1,1,48
878,1,1,28,25
879,0,0,8,19
880,1,1,22,44
881,0,1,5,24
882,1,0,2,47
883,0,1,50,36
884,0,0,35,10
885,0,0,33,16
886,0,1,12,3
887,0,0,29,5
888,1,1,27,17
889,1,1,5,29
890,1,1,32,21
891,1,0,13,24
892,1,1,30,26
893,1,0,13,5
894,0,0,3,46
895,1,1,6,16
896,0,0,1,7
897,0,0,24,13
898,0,0,4,47
899,1,1,36,12
900,1,1,48,4
901,1,0,18,47
902,0,1,45,34
903,1,0,22,40
904,0,1,16,11
905,0,1,21,3
906,0,1,11,15
907,0,1,22,42
908,1,1,26,16
909,0,0,2,13
910,0,1,19,44
911,0,0,44,5
912,1,0,47,15
913,1,0,19,25
914,0,0,13,37
915,1,1,7,39
916,1,0,22,18
917,1,1,47,5
918,1,0,15,19
919,0,1,23,35
920,1,1,11,28
921,1,1,33,8
922,0,1,27,12
923,1,1,2,0
924,0,1,37,48
925,1,0,1,4
926,0,0,35,46
927,0,0,20,16
928,1,0,30,49
929,0,0,6,47
930,1,1,12,35
931,1,1,35,4
932,1,1,43,6
933,0,0,32,0
934,1,1,21,11
935,0,0,48,44
936,1,1,31,30
937,0,1,37,42
938,1,1,2,15
939,0,0,13,3
940,0,1,27,20
941,1,0,22,5
942,1,1,15,45
943,1,0,43,40
944,1,0,31,24
945,1,1,24,34
946,0,1,39,26
947,0,1,45,35
948,1,1,48,29
949,0,0,43,7
950,1,0,49,13
951,0,0,11,17
952,1,0,40,31
953,1,1,36,45
954,1,0,34,35
955,1,0,32,21
956,0,1,26,50
957,0,1,28,21
958,1,0,6,21
959,0,1,47,13
960,1,1,2,22
961,1,1,32,10
962,1,0,6,24
963,0,1,2,44
964,1,1,46,29
965,1,0,10,8
966,0,0,1,1
967,0,0,33,31
968,0,1,15,0
969,0,1,2,45
970,0,0,13,0
971,0,0,26,38
972,0,0,16,35
973,0,1,6,18
974,0,0,8,35
975,0,1,8,17
976,1,0,16,2
977,0,1,28,47
978,0,1,40,39
979,0,1,15,28
980,0,0,2,42
981,0,1,35,44
982,0,0,10,32
983,0,0,23,12
984,1,0,27,31
985,1,1,12,48
986,1,1,37,19
987,1,0,11,14
988,1,1,2,13
989,0,1,19,40
990,0,1,13,2
991,0,1,50,19
992,0,1,25,29
993,1,0,7,14
994,1,1,45,36
995,1,1,23,44
996,0,1,24,7
997,0,1,47,21
998,1,0,33,27
999,0,1,29,3
1000,1,1,20,5
1001,1,1,12,49
1002,1,1,50,15
1003,1,1,27,2
1004,1,0,16,12
1005,0,0,43,16
1006,0,1,36,33
1007,1,1,37,4
1008,1,1,7,41
1009,1,1,8,36
1010,0,0,49,36
1011,0,0,43,43
1012,0,0,26,20
1013,0,0,20,37
1014,0,1,40,32
1015,0,1,12,37
1016,1,0,19,7
1017,0,0,46,38
1018,1,1,15,5
1019,0,0,16,1
1020,0,0,48,40
1021,1,1,18,5
1022,1,0,15,49
1023,1,1,9,43
1024,0,1,10,14
1025,0,0,39,44
1026,1,1,20,43
1027,0,0,1,0
1028,0,0,41,28
1029,1,0,17,46
1030,0,1,10,46
1031,1,1,42,6
1032,1,1,7,25
1033,1,1,40,47
1034,0,1,33,34
1035,0,1,2,44
1036,0,1,30,0
1037,0,0,2,34
1038,0,0,41,11
1039,0,1,25,50
1040,0,1,8,9
1041,1,1,13,17
1042,1,1,29,22
1043,0,0,44,0
1044,1,0,23,39
1045,0,1,11,5
1046,0,0,9,41
1047,0,0,35,48
1048,0,0,25,10
1049,1,0,42,17
1050,0,1,43,35
1051,0,0,33,19
1052,1,0,3,29
1053,0,1,49,3
1054,0,1,41,29
1055,0,0,8,2
1056,1,0,21,45
1057,0,1,3,8
1058,1,0,15,46
1059,1,0,15,19
1060,1,0,43,25
1061,0,0,47,10
1062,0,0,27,8
1063,1,1,2,21
1064,0,1,23,30
1065,1,1,33,16
1066,0,0,37,19
1067,1,0,37,49
1068,0,1,2,38
1069,1,0,19,5
1070,0,0,21,14
1071,0,1,8,6
1072,0,1,10,23
1073,1,1,28,32
1074,1,0,7,30
1075,0,0,30,6
1076,0,1,20,4
1077,0,0,14,29
1078,1,0,20,21
1079,0,0,38,31
1080,1,1,2,46
1081,1,0,29,26
1082,0,1,7,32
1083,0,1,15,9
1084,1,1,17,34
1085,1,0,44,4
1086,0,0,13,4
1087,0,1,18,43
1088,1,0,44,37
1089,1,0,16,21
1090,0,0,4,37
1091,1,1,34,18
1092,0,0,41,50
1093,1,1,21,42
1094,1,0,25,8
1095,0,1,8,39
1096,1,0,34,32
1097,1,0,48,41
1098,1,1,33,30
1099,0,1,35,6
1100,1,0,14,38
1101,0,0,3,21
1102,0,1,44,31
1103,0,1,19,46
1104,1,0,6,44
1105,1,0,13,6
1106,0,0,24,43
1107,0,0,21,46
1108,0,1,3,8
1109,1,0,24,12
1110,0,0,12,38
1111,0,0,2,33
1112,1,0,13,16
1113,0,0,22,44
1114,1,0,47,11
1115,0,0,10,36
1116,0,0,14,29
1117,1,0,9,21
1118,1,1,10,24
1119,0,1,2,49
1120,1,0,6,35
1121,0,0,48,48
1122,0,1,32,36
1123,0,0,0,33
1124,1,0,25,18
1125,1,1,43,20
1126,1,0,24,26
1127,0,0,11,26
1128,1,1,44,11
1129,1,1,39,40
1130,0,1,39,45
1131,1,0,14,5
1132,0,0,48,39
1133,0,1,37,18
1134,0,0,27,27
1135,1,1,6,14
1136,1,0,27,29
1137,1,0,27,28
1138,1,0,34,34
1139,0,0,48,21
1140,0,0,31,6
1141,0,1,11,14
1142,1,0,8,9
1143,1,1,27,22
1144,1,1,2,49
1145,0,1,46,26
1146,0,1,8,45
1147,1,1,5,20
1148,0,1,41,0
1149,0,0,21,5
1150,1,1,25,22
1151,1,0,45,35
1152,1,1,3,7
1153,0,0,26,31
1154,1,1,25,25
1155,0,1,25,47
1156,1,0,46,48
1157,0,0,6,13
1158,1,1,5,17
1159,0,1,49,6
1160,0,1,27,8
1161,1,0,42,42
1162,0,1,1,33
1163,1,0,21,16
1164,1,0,47,25
1165,1,1,44,25
1166,1,1,39,28
1167,0,1,45,12
1168,0,0,21,6
1169,1,0,9,40
1170,0,0,26,15
1171,0,1,45,6
1172,0,0,31,28
1173,1,1,16,29
1174,0,1,34,38
1175,0,0,34,17
1176,1,0,43,40
1177,1,1,23,28
1178,0,0,6,18
1179,1,1,1,25
1180,0,1,11,29
1181,0,0,29,4
1182,1,1,21,16
1183,1,0,17,37
1184,0,1,19,25
1185,1,0,33,40
1186,1,1,43,26
1187,1,1,6,13
1188,0,1,36,17
1189,0,0,12,8
1190,1,1,32,3
1191,0,1,20,46
1192,0,1,42,35
1193,1,0,10,24
1194,1,1,23,38
1195,1,0,8,31
1196,1,0,41,28
1197,1,0,48,34
1198,1,1,30,34
1199,0,1,27,19
1200,1,1,34,35
1201,1,1,31,27
1202,0,0,39,42
1203,0,1,21,12
1204,0,1,48,34
1205,0,0,50,43
1206,1,1,48,25
1207,1,0,21,6
1208,0,1,30,28
1209,1,1,2,38
1210,0,0,34,1
1211,1,0,38,27
1212,0,1,4,23
1213,0,0,8,39
1214,1,0,27,44
1215,1,1,2,7
1216,0,0,39,11
1217,1,0,25,31
1218,0,0,12,29
1219,0,0,3,26
1220,0,1,47,35
1221,0,0,48,9
1222,1,1,34,8
1223,1,1,47,14
1224,0,1,49,12
1225,1,0,38,15
1226,1,0,34,2
1227,0,1,28,9
1228,0,0,46,49
1229,1,1,38,15
1230,1,1,39,5
1231,0,0,42,5
1232,1,1,1,2
1233,0,0,38,14
1234,1,1,15,17
1235,0,1,23,31
1236,1,0,2,11
1237,0,0,47,8
1238,0,1,25,9
1239,1,0,42,7
1240,1,0,31,33
1241,0,0,30,37
1242,1,0,21,9
1243,0,1,23,20
1244,1,0,28,16
1245,1,1,27,25
1246,0,0,3,28
1247,0,1,7,40
1248,0,0,27,21
1249,1,1,28,40
1250,1,1,9,21
1251,0,0,20,5
1252,0,1,17,36
1253,0,0,23,20
1254,1,1,27,9
1255,1,0,5,46
1256,1,0,21,32
1257,0,1,46,25
1258,1,1,32,11
1259,0,1,12,41
1260,1,1,13,8
1261,1,0,5,1
1262,0,1,35,35
1263,0,1,28,36
1264,1,1,37,42
1265,1,0,11,35
1266,1,1,42,18
1267,1,0,3,9
1268,0,0,48,46
1269,0,1,28,6
1270,0,0,44,27
1271,1,0,38,41
1272,1,1,6,29
1273,1,1,33,26
1274,1,0,14,25
1275,0,0,30,49
1276,1,0,16,17
1277,0,1,28,8
1278,0,1,4,16
1279,0,0,10,20
1280,1,1,30,43
1281,1,1,18,7
1282,0,0,23,26
1283,1,1,9,44
1284,0,1,21,47
1285,0,0,44,3
1286,0,0,27,7
1287,0,0,31,36
1288,1,1,27,11
1289,1,0,29,42
1290,0,1,42,39
1291,0,1,35,19
1292,1,1,32,20
1293,0,0,44,37
1294,1,1,38,42
1295,1,1,44,45
1296,0,0,13,2
1297,0,1,3,48
1298,0,0,5,10
1299,1,1,29,5
1300,1,0,2,21
1301,0,1,5,6
1302,1,0,9,2
1303,1,0,10,37
1304,1,1,25,13
1305,1,0,17,16
1306,1,1,15,25
1307,0,1,36,1
1308,1,0,2,16
1309,0,1,46,22
1310,0,0,11,45
1311,0,0,14,42
1312,1,1,24,48
1313,1,0,4,27
1314,1,1,29,6
1315,1,0,25,41
1316,0,0,12,40
1317,0,0,8,14
1318,1,1,18,16
1319,0,0,17,16
1320,1,1,33,0
1321,0,1,35,18
1322,1,1,26,22
1323,0,1,23,16
1324,0,1,46,25
1325,1,0,7,26
1326,1,0,4,10
1327,0,1,34,37
1328,0,0,37,8
1329,1,1,4,6
1330,1,1,42,25
1331,0,0,5,21
1332,1,1,30,31
1333,0,1,50,13
1334,0,0,15,34
1335,1,0,4,6
1336,0,0,30,34
1337,0,0,18,10
1338,1,0,33,42
1339,0,0,9,33
1340,1,0,9,28
1341,0,0,49,5
1342,0,1,43,39
1343,0,0,10,37
1344,0,0,36,41
1345,0,1,4,38
1346,1,0,40,26
1347,0,1,37,42
1348,0,1,29,16
1349,1,0,11,13
1350,1,0,40,15
1351,0,1,19,48
1352,0,1,12,0
1353,1,0,14,46
1354,0,0,5,4
1355,0,1,12,39
1356,0,1,22,3
1357,1,1,18,5
1358,0,0,23,35
1359,1,1,11,18
1360,1,1,30,4
1361,0,0,7,23
1362,0,1,8,37
1363,0,0,7,19
1364,1,0,46,46
1365,0,0,36,14
1366,1,1,19,6
1367,0,0,36,21
1368,0,0,11,22
1369,0,1,46,28
1370,1,0,5,3
1371,1,1,18,9
1372,1,0,12,25
1373,1,0,28,50
1374,1,1,26,6
1375,0,1,13,12
1376,1,0,28,22
1377,1,1,9,46
1378,1,1,20,27
1379,1,0,21,26
1380,1,1,5,5
1381,0,0,15,25
1382,1,0,33,35
1383,1,1,5,8
1384,1,0,50,7
1385,1,0,26,4
1386,1,1,40,42
1387,1,0,12,27
1388,1,0,21,35
1389,1,0,24,8
1390,0,0,31,46
1391,1,1,6,48
1392,1,1,28,37
1393,0,1,49,25
1394,0,0,16,18
1395,0,0,17,21
1396,0,1,24,6
1397,1,0,47,32
1398,0,0,16,5
1399,0,1,40,37
1400,1,0,12,34
1401,1,1,7,14
1402,1,1,45,23
1403,1,0,5,5
1404,0,1,50,32
1405,0,1,6,35
1406,0,0,22,46
1407,0,1,21,9
1408,1,0,12,29
1409,0,0,40,2
1410,0,1,25,23
1411,1,0,10,6
1412,0,1,35,39
1413,0,1,15,9
1414,0,1,18,9
1415,1,1,8,7
1416,1,1,33,10
1417,0,1,14,45
1418,1,0,17,17
1419,1,0,2,5
1420,0,0,4,7
1421,1,1,13,15
1422,1,0,44,32
1423,1,1,33,14
1424,0,0,22,42
1425,1,1,28,41
1426,1,1,1,9
1427,1,0,28,36
1428,0,1,8,45
1429,1,1,41,37
1430,1,1,40,14
1431,1,1,2,29
1432,0,0,5,11
1433,0,0,33,4
1434,1,1,12,9
1435,1,0,7,19
1436,1,0,7,11
1437,0,0,14,17
1438,0,0,15,11
1439,1,1,34,9
1440,1,1,8,49
1441,1,0,1,29
1442,1,1,5,46
1443,0,0,16,22
1444,1,0,5,28
1445,1,0,31,26
1446,1,0,31,25
1447,0,0,15,24
1448,1,0,28,17
1449,1,0,26,45
1450,1,1,18,38
1451,1,1,34,28
1452,0,1,15,11
1453,1,0,46,32
1454,0,0,40,48
1455,1,1,15,16
1456,0,0,2,42
1457,1,1,36,16
1458,0,0,18,36
1459,0,0,23,6
1460,0,1,46,40
1461,1,1,26,5
1462,1,0,24,33
1463,0,0,30,8
1464,0,0,40,13
1465,1,0,4,40
1466,1,0,18,33
1467,0,0,4,19
1468,0,1,38,27
1469,1,0,41,5
1470,0,1,21,44
1471,0,0,4,33
1472,1,0,27,2
1473,1,1,14,0
1474,1,0,3,35
1475,1,1,1,20
1476,1,1,48,40
1477,1,1,19,16
1478,0,0,10,50
1479,0,0,9,3
1480,1,0,37,5
1481,0,1,38,48
1482,1,1,17,2
1483,1,0,7,10
1484,0,1,38,19
1485,0,0,16,16
1486,0,1,6,1
1487,0,0,20,16
1488,0,1,0,43
1489,0,1,12,19
1490,0,1,11,6
1491,1,0,23,34
1492,1,1,17,27
1493,0,0,50,18
1494,0,1,36,16
1495,0,0,35,26
1496,1,0,46,42
1497,1,1,5,14
1498,1,1,12,8
1499,1,1,26,12
1500,0,1,10,7
1501,0,1,46,3
1502,0,0,30,16
1503,1,1,43,18
1504,1,1,32,11
1505,0,1,7,49
1506,0,1,26,26
1507,0,1,19,49
1508,1,1,16,50
1509,0,1,17,9
1510,0,0,8,6
1511,0,0,35,34
1512,1,0,14,31
1513,0,1,27,38
1514,0,0,25,48
1515,0,1,23,6
1516,0,0,33,17
1517,1,1,0,19
1518,0,1,11,36
1519,0,1,1,10
1520,0,1,16,23
1521,1,1,24,13
1522,0,0,2,50
1523,0,0,37,38
1524,0,1,15,34
1525,1,1,5,36
1526,1,1,0,4
1527,0,1,27,8
1528,1,0,48,29
1529,1,1,11,1
1530,0,0,21,40
1531,0,0,33,19
1532,1,0,40,26
1533,0,0,31,1
1534,0,1,44,26
1535,1,0,12,46
1536,1,0,22,29
1537,0,0,40,34
1538,0,1,22,10
1539,1,0,26,50
1540,1,1,44,27
1541,0,1,22,48
1542,0,1,19,48
1543,1,1,2,41
1544,0,0,23,35
1545,0,1,1,17
1546,0,1,11,13
1547,0,1,35,28
1548,0,1,49,46
1549,0,1,22,43
1550,0,1,23,46
1551,0,0,28,26
1552,1,1,44,24
1553,1,0,49,7
1554,1,1,34,46
1555,1,0,9,46
1556,1,0,24,31
1557,0,1,2,24
1558,0,0,34,26
1559,0,0,29,18
1560,1,1,20,12
1561,1,1,7,49
1562,0,1,47,1
1563,0,1,3,24
1564,0,0,40,0
1565,1,0,10,19
1566,1,0,14,10
1567,0,0,6,21
1568,0,1,49,20
1569,1,1,20,23
1570,1,0,35,25
1571,1,1,3,36
1572,1,1,7,27
1573,1,1,3,35
1574,0,1,44,34
1575,0,1,41,14
1576,0,1,47,5
1577,1,1,3,4
1578,0,1,33,20
1579,0,0,16,5
1580,0,1,42,44
1581,0,1,39,28
1582,0,1,34,15
1583,0,0,5,11
1584,0,0,32,7
1585,0,0,18,26
1586,0,0,36,6
1587,1,0,32,34
1588,1,1,1,49
1589,0,1,22,42
1590,0,0,43,49
1591,0,0,23,3
1592,0,1,1,1
1593,0,1,21,50
1594,1,1,40,4
1595,1,0,30,40
1596,0,0,44,17
1597,0,0,22,29
1598,1,1,42,32
1599,0,0,8,33
1600,0,0,6,6
1601,1,0,8,21
1602,0,1,46,27
1603,1,1,17,30
1604,0,1,22,50
1605,1,0,37,18
1606,0,1,12,12
1607,1,0,13,0
1608,1,1,3,9
1609,1,0,5,0
1610,1,1,48,16
1611,1,1,16,47
1612,0,0,21,2
1613,0,0,45,13
1614,1,1,30,2
1615,1,1,23,50
1616,0,1,18,28
1617,0,0,22,35
1618,1,1,21,49
1619,0,1,27,50
1620,1,1,44,30
1621,1,0,3,15
1622,0,0,33,15
1623,0,1,13,8
1624,0,0,18,6
1625,0,1,0,43
1626,0,0,45,16
1627,0,1,39,33
1628,0,1,13,26
1629,0,1,2,31
1630,0,1,31,7
1631,1,0,1,23
1632,0,0,31,44
1633,0,0,13,17
1634,0,0,42,38
1635,0,1,22,21
1636,1,0,16,44
1637,0,1,21,40
1638,1,0,35,45
1639,0,0,20,16
1640,0,0,22,33
1641,0,0,26,0
1642,1,0,43,46
1643,0,0,22,19
1644,0,0,19,1
1645,1,1,16,33
1646,1,1,27,2
1647,1,0,8,25
1648,0,0,45,46
1649,1,1,28,22
1650,1,0,28,45
1651,0,1,10,20
1652,0,0,2,47
1653,1,1,25,37
1654,0,1,21,44
1655,1,1,38,37
1656,1,1,30,30
1657,0,1,44,12
1658,0,0,48,32
1659,1,0,16,45
1660,0,1,4,44
1661,0,0,46,30
1662,1,0,15,23
1663,1,0,1,39
1664,0,1,14,0
1665,1,1,5,35
1666,0,1,35,1
1667,1,0,0,7
1668,0,1,2,23
1669,0,1,26,41
1670,1,0,33,33
1671,1,0,19,39
1672,1,1,15,43
1673,1,1,43,1
1674,0,1,13,33
1675,1,0,41,7
1676,1,1,42,10
1677,1,1,7,18
1678,1,1,46,27
1679,0,1,48,35
1680,1,1,50,20
1681,0,1,29,17
1682,0,1,3,6
1683,0,1,29,37
1684,0,0,0,21
1685,0,0,18,50
1686,0,0,39,49
1687,0,0,30,35
1688,1,1,38,30
1689,0,1,48,40
1690,0,1,1,8
1691,0,1,34,48
1692,1,0,42,34
1693,1,0,23,27
1694,0,1,48,31
1695,0,1,15,44
1696,0,0,16,32
1697,0,0,46,12
1698,1,0,17,35
1699,0,1,27,48
1700,0,0,39,50
1701,0,1,12,41
1702,1,1,16,16
1703,1,1,26,6
1704,1,1,22,40
1705,0,1,4,28
1706,0,0,45,43
1707,0,1,27,37
1708,1,0,6,19
1709,0,0,6,1
1710,1,0,5,35
1711,0,0,3,29
1712,1,0,28,5
1713,1,0,40,30
1714,1,0,14,30
1715,0,1,40,9
1716,0,1,9,14
1717,1,1,24,2
1718,1,1,17,20
1719,0,1,23,7
1720,1,0,36,49
1721,1,1,8,6
1722,1,0,23,41
1723,1,0,34,13
1724,1,1,46,5
1725,1,0,44,23
1726,1,0,49,7
1727,1,1,26,13
1728,1,1,49,11
1729,0,0,23,42
1730,0,0,44,20
1731,1,0,38,7
1732,0,0,19,9
1733,0,1,1,42
1734,0,0,4,30
1735,1,1,3,39
1736,0,1,33,32
1737,1,1,26,8
1738,1,0,39,18
1739,1,1,39,5
1740,0,0,32,47
1741,0,0,1,46
1742,1,1,32,35
1743,1,1,36,2
1744,0,1,44,0
1745,1,1,9,49
1746,0,0,29,36
1747,0,1,22,3
1748,0,1,50,13
1749,1,0,1,49
1750,0,0,35,20
1751,0,0,32,3
1752,0,1,18,12
1753,1,1,13,0
1754,0,1,42,17
1755,1,0,45,13
1756,1,1,26,15
1757,0,0,47,11
1758,0,0,11,21
1759,0,1,29,32
1760,0,0,26,43
1761,1,1,43,28
1762,0,1,3,48
1763,1,1,43,46
1764,1,1,11,37
1765,1,1,18,29
1766,1,1,21,13
1767,0,0,39,15
1768,1,0,36,38
1769,1,1,50,34
1770,0,1,21,46
1771,0,1,49,10
1772,0,1,7,45
1773,0,0,11,32
1774,1,0,3,3
1775,0,0,31,34
1776,1,0,29,48
1777,1,1,28,23
1778,0,1,35,49
1779,0,1,14,11
1780,1,1,22,18
1781,1,1,16,5
1782,0,0,24,13
1783,1,1,13,30
1784,0,1,28,36
1785,1,1,16,14
1786,1,1,33,3
1787,1,0,9,10
1788,1,1,47,33
1789,1,1,19,37
1790,1,0,48,50
1791,0,1,35,34
1792,0,1,24,11
1793,0,0,5,3
1794,0,0,43,22
1795,1,1,25,34
1796,0,1,37,13
1797,0,1,20,13
1798,0,1,22,13
1799,0,0,25,13
1800,1,0,27,0
1801,0,1,22,45
1802,0,0,13,20
1803,1,0,36,18
1804,0,1,17,40
1805,1,1,12,34
1806,1,1,5,34
1807,0,0,9,2
1808,0,0,47,25
1809,0,1,10,49
1810,0,1,10,1
1811,1,0,5,35
1812,0,1,39,24
1813,0,0,20,24
1814,1,0,23,0
1815,1,0,28,24
1816,0,0,1,2
1817,1,0,1,22
1818,0,0,12,2
1819,0,1,43,37
1820,1,0,0,50
1821,1,1,43,19
1822,1,1,28,41
1823,1,1,47,45
1824,1,0,47,22
1825,0,0,12,4
1826,1,0,47,45
1827,1,1,32,3
1828,0,0,46,5
1829,1,1,8,8
1830,1,1,7,18
1831,0,0,24,22
1832,1,0,24,20
1833,0,0,3,36
1834,1,1,25,24
1835,1,0,25,10
1836,0,0,31,37
1837,0,0,48,13
1838,1,0,10,47
1839,0,0,44,48
1840,0,0,34,26
1841,0,0,4,2
1842,0,1,31,10
1843,1,1,50,26
1844,1,0,33,32
1845,1,0,15,9
1846,1,0,47,35
1847,0,1,25,29
1848,1,1,23,30
1849,1,0,47,16
1850,0,0,40,41
1851,1,0,13,36
1852,0,0,5,42
1853,1,1,42,46
1854,1,1,30,40
1855,1,1,38,24
1856,0,1,45,45
1857,1,1,42,30
1858,0,1,44,6
1859,1,0,40,27
1860,1,1,2,19
1861,0,1,19,9
1862,1,0,13,21
1863,0,1,35,45
1864,0,1,31,4
1865,1,0,46,10
1866,0,0,48,17
1867,0,1,43,24
1868,1,0,17,7
1869,0,1,31,48
1870,0,1,41,26
1871,0,1,25,49
1872,1,1,32,41
1873,0,0,9,2
1874,1,1,45,14
1875,1,1,38,26
1876,0,1,9,10
1877,1,0,14,1
1878,1,1,43,11
1879,1,0,50,0
1880,1,1,13,19
1881,0,1,10,0
1882,0,1,8,24
1883,1,1,4,3
1884,1,1,48,34
1885,0,1,36,50
1886,1,0,36,33
1887,0,0,21,9
1888,0,1,38,21
1889,1,0,34,29
1890,1,0,23,30
1891,1,1,14,29
1892,0,0,24,18
1893,1,0,47,28
1894,0,1,21,7
1895,0,1,40,15
1896,1,0,35,44
1897,0,1,44,28
1898,1,0,47,2
1899,0,1,30,47
1900,1,0,19,46
1901,1,0,28,45
1902,1,0,25,23
1903,1,1,19,31
1904,1,0,50,35
1905,1,1,47,20
1906,1,1,41,24
1907,1,0,41,48
1908,0,0,14,40
1909,0,1,21,13
1910,0,0,16,17
1911,1,0,1,26
1912,0,0,23,44
1913,1,0,48,33
1914,1,0,50,6
1915,0,1,22,0
1916,1,0,28,20
1917,0,1,3,9
1918,1,0,32,6
1919,1,1,46,33
1920,0,0,1,40
1921,0,0,39,49
1922,0,0,40,19
1923,1,0,50,11
1924,0,1,22,49
1925,0,0,10,24
1926,0,0,26,2
1927,1,0,16,31
1928,1,0,27,27
1929,1,0,37,49
1930,1,0,12,21
1931,0,1,46,2
1932,1,1,46,4
1933,0,0,21,14
1934,0,0,3,29
1935,0,0,36,21
1936,0,0,32,38
1937,1,0,16,38
1938,0,1,17,9
1939,0,1,22,29
1940,0,0,41,46
1941,1,0,32,20
1942,0,1,30,20
1943,1,1,17,22
1944,0,1,14,19
1945,0,1,31,10
1946,1,1,24,25
1947,1,0,50,48
1948,0,0,1,43
1949,1,0,12,21
1950,1,1,37,18
1951,0,0,37,41
1952,1,1,22,42
1953,1,0,31,20
1954,0,1,30,49
1955,0,0,41,26
1956,1,1,41,0
1957,0,0,0,31
1958,1,1,5,7
1959,0,0,29,20
1960,0,1,19,39
1961,1,1,36,18
1962,1,1,28,6
1963,1,1,12,10
1964,0,1,2,31
1965,0,0,27,23
1966,1,0,45,47
1967,1,0,24,2
1968,0,0,19,47
1969,1,0,35,26
1970,0,0,17,25
1971,0,1,26,16
1972,1,0,42,23
1973,1,0,49,24
1974,1,1,0,16
1975,0,0,19,38
1976,1,1,28,17
1977,0,1,1,39
1978,1,0,27,40
1979,1,0,28,32
1980,1,1,25,21
1981,1,0,50,42
1982,1,0,21,27
1983,1,0,12,13
1984,0,1,29,29
1985,1,0,12,34
1986,0,1,39,22
1987,1,0,3,42
1988,1,1,6,47
1989,0,0,50,33
1990,1,0,46,39
1991,1,1,39,15
1992,1,0,40,30
1993,1,0,23,27
1994,0,1,5,9
1995,0,1,43,0
1996,0,1,35,16
1997,0,1,45,10
1998,0,0,43,39
1999,0,0,44,44
2000,1,1,32,7
2001,0,0,3,8
2002,0,0,27,40
2003,1,0,22,7
2004,0,0,26,42
2005,0,0,29,49
2006,0,1,16,43
2007,1,1,14,42
2008,1,1,37,50
2009,0,1,30,41
2010,1,0,10,2
2011,1,0,18,19
2012,1,1,34,16
2013,1,1,20,5
2014,0,0,12,41
2015,1,1,8,5
2016,0,1,40,45
2017,1,0,49,3
2018,1,1,49,21
2019,1,1,12,19
2020,0,1,15,47
2021,0,1,33,8
2022,1,1,35,13
2023,0,1,32,18
2024,0,0,9,5
2025,0,0,41,43
2026,0,0,36,50
2027,1,0,34,27
2028,0,1,29,45
2029,1,1,47,16
2030,0,1,1,18
2031,1,0,5,0
2032,1,0,16,47
2033,0,1,22,14
2034,1,0,5,0
2035,0,1,23,28
2036,0,1,16,34
2037,0,0,46,28
2038,0,1,31,17
2039,0,0,34,20
2040,0,0,36,6
2041,0,0,32,30
2042,1,0,47,34
2043,0,1,27,25
2044,0,0,19,21
2045,0,1,1,38
2046,1,1,5,50
2047,0,1,39,2
2048,1,0,24,16
2049,1,1,0,3
2050,1,0,8,50
2051,0,1,39,25
2052,1,0,17,48
2053,0,1,27,35
2054,1,1,3,28
2055,0,1,33,30
2056,0,0,23,42
2057,0,0,9,0
2058,0,0,33,6
2059,1,1,49,36
2060,1,1,8,47
2061,0,1,30,44
2062,1,0,22,9
2063,0,1,38,17
2064,1,0,17,8
2065,0,1,44,10
2066,1,0,50,27
2067,1,1,3,38
2068,1,1,43,35
2069,1,0,45,5
2070,1,0,36,20
2071,1,0,50,48
2072,0,1,39,41
2073,0,0,35,37
2074,1,0,46,23
2075,1,0,27,9
2076,0,1,38,50
2077,0,1,13,28
2078,1,0,36,4
2079,1,0,46,9
2080,0,0,45,24
2081,1,0,16,31
2082,0,0,14,40
2083,1,1,39,29
2084,1,1,22,6
2085,0,1,39,44
2086,0,1,18,15
2087,0,1,40,15
2088,1,0,47,37
2089,0,0,1,27
2090,0,1,22,21
2091,0,0,43,2
2092,1,0,8,6
2093,1,1,44,22
2094,0,0,46,21
2095,0,1,7,4
2096,0,1,32,26
2097,1,1,32,20
2098,1,1,15,7
2099,1,1,17,41
2100,1,1,50,15
2101,1,1,36,10
2102,0,0,42,10
2103,1,0,44,30
2104,0,1,16,14
2105,0,0,30,33
2106,1,1,24,10
2107,1,0,4,25
2108,1,1,30,33
2109,1,1,19,33
2110,1,0,13,15
2111,1,0,20,11
2112,1,0,0,19
2113,0,1,5,34
2114,0,0,48,0
2115,0,1,46,41
2116,0,0,48,7
2117,1,1,38,28
2118,1,1,46,13
2119,1,0,44,37
2120,0,0,7,16
2121,0,0,5,7
2122,0,1,25,5
2123,1,0,4,5
2124,0,1,22,15
2125,1,0,7,2
2126,0,1,43,3
2127,1,1,19,15
2128,1,0,35,40
2129,0,1,40,2
2130,1,0,7,21
2131,1,1,33,40
2132,1,0,45,12
2133,1,1,41,28
2134,1,0,24,30
2135,0,0,43,49
2136,0,0,25,43
2137,0,1,38,17
2138,0,0,25,35
2139,1,0,2,9
2140,1,1,47,24
2141,0,0,24,21
2142,0,0,45,35
2143,0,1,16,36
2144,1,0,0,14
2145,0,0,9,4
2146,0,1,49,41
2147,0,0,33,30
2148,1,1,14,20
2149,0,0,24,48
2150,1,0,1,45
2151,0,1,34,8
2152,0,1,7,46
2153,1,1,44,46
2154,0,0,36,16
2155,0,1,9,15
2156,0,1,18,11
2157,1,1,50,9
2158,0,1,49,14
2159,1,1,48,9
2160,0,0,33,26
2161,1,1,18,33
2162,0,1,31,40
2163,0,0,40,50
2164,1,0,26,10
2165,1,0,3,24
2166,1,1,2,44
2167,1,0,45,29
2168,0,0,37,21
2169,1,0,40,50
2170,1,0,40,13
2171,0,0,21,39
2172,0,0,25,25
2173,1,0,35,0
2174,1,0,10,26
2175,0,1,37,23
2176,0,0,28,0
2177,1,0,23,18
2178,1,1,7,29
2179,1,1,24,39
2180,0,1,2,4
2181,0,0,47,47
2182,0,0,7,31
2183,0,1,46,49
2184,1,1,21,45
2185,1,0,50,21
2186,0,0,12,27
2187,0,0,23,26
2188,0,0,15,26
2189,1,1,22,31
2190,0,1,18,45
2191,1,0,11,21
2192,0,1,10,26
2193,0,0,37,23
2194,0,0,26,39
2195,1,0,18,13
2196,0,1,44,47
2197,1,1,49,3
2198,1,0,30,44
2199,0,0,49,50
2200,1,1,43,11
2201,0,1,20,11
2202,1,1,23,14
2203,0,0,32,50
2204,0,1,44,43
2205,0,1,27,50
2206,0,1,22,17
2207,0,0,47,45
2208,0,1,49,21
2209,1,0,16,40
2210,1,0,27,40
2211,1,0,11,42
2212,0,0,7,1
2213,1,1,27,13
2214,0,0,33,0
2215,1,0,21,39
2216,1,1,6,26
2217,1,0,18,15
2218,0,0,12,13
2219,1,1,33,7
2220,0,1,48,2
2221,0,1,25,6
2222,0,0,23,27
2223,0,0,46,12
2224,0,0,46,10
2225,1,0,47,11
2226,1,0,3,48
2227,1,0,33,43
2228,0,1,37,46
2229,1,1,26,16
2230,1,1,24,42
2231,0,1,19,24
2232,1,0,47,27
2233,0,1,6,15
2234,0,1,38,11
2235,1,1,14,49
2236,1,1,31,1
2237,1,0,10,50
2238,0,1,2,12
2239,1,1,41,40
2240,1,0,33,29
2241,0,0,32,43
2242,1,0,17,42
2243,1,1,47,8
2244,0,1,2,34
2245,1,0,24,1
2246,1,1,30,22
2247,0,0,5,10
2248,1,1,4,5
2249,1,1,49,42
2250,0,1,38,21
2251,1,1,41,19
2252,0,0,20,25
2253,0,0,4,31
2254,0,0,41,41
2255,1,0,9,10
2256,0,1,31,39
2257,1,0,43,45
2258,1,1,46,12
2259,1,0,3,1
2260,1,1,31,11
2261,0,1,6,33
2262,1,0,27,1
2263,0,1,34,0
2264,0,0,42,49
2265,1,0,45,39
2266,0,0,5,48
2267,0,0,18,18
2268,1,1,40,41
2269,0,1,8,48
2270,0,1,26,18
2271,1,1,20,7
2272,0,1,20,48
2273,0,1,26,49
2274,1,1,45,34
2275,1,0,19,2
2276,1,0,41,37
2277,0,0,42,37
2278,0,0,16,17
2279,1,1,41,50
2280,1,1,11,30
2281,0,1,2,40
2282,1,1,43,28
2283,1,0,10,45
2284,0,0,14,29
2285,0,1,48,50
2286,1,1,16,49
2287,0,1,17,43
2288,0,1,3,14
2289,0,0,1,49
2290,1,0,50,17
2291,0,1,40,7
2292,1,0,30,50
2293,1,0,32,19
2294,0,1,33,40
2295,0,0,40,10
2296,0,1,12,38
2297,1,1,19,4
2298,0,0,26,4
2299,1,1,38,6
2300,0,0,20,1
2301,0,0,0,4
2302,0,1,43,2
2303,1,1,25,21
2304,1,1,13,7
2305,0,0,28,0
2306,1,0,19,29
2307,1,1,2,39
2308,0,1,36,46
2309,0,1,14,37
2310,0,0,24,15
2311,1,1,19,2
2312,0,0,10,47
2313,0,0,32,40
2314,1,0,49,21
2315,0,0,23,46
2316,1,0,37,44
2317,0,1,10,7
2318,0,1,40,9
2319,1,1,25,11
2320,0,1,37,22
2321,1,0,29,16
2322,1,1,50,26
2323,1,1,22,42
2324,0,1,15,5
2325,1,1,27,41
2326,1,1,17,39
2327,0,0,13,32
2328,1,0,44,16
2329,0,1,25,1
2330,1,1,25,33
2331,1,1,32,26
2332,1,0,20,15
2333,0,1,38,23
2334,0,0,33,3
2335,1,0,1,0
2336,0,1,38,10
2337,1,0,23,47
2338,1,0,28,14
2339,0,0,46,1
2340,0,0,3,47
2341,0,0,19,34
2342,0,0,41,10
2343,0,1,11,13
2344,0,1,46,46
2345,1,0,19,11
2346,0,0,16,26
2347,1,1,48,19
2348,0,1,29,22
2349,1,1,42,33
2350,0,0,33,42
2351,0,1,36,15
2352,0,0,11,8
2353,1,0,33,14
2354,0,1,33,16
2355,0,1,14,8
2356,1,0,47,50
2357,0,0,0,1
2358,0,1,10,29
2359,1,1,26,18
2360,1,1,50,16
2361,1,1,38,40
2362,1,0,18,29
2363,0,0,14,28
2364,1,0,12,11
2365,1,1,38,24
2366,0,0,6,11
2367,1,1,47,1
2368,0,1,20,25
2369,1,1,18,9
2370,0,0,1,33
2371,1,1,23,24
2372,1,1,13,11
2373,0,0,30,19
2374,1,0,45,36
2375,1,1,0,17
2376,1,1,8,16
2377,0,0,27,42
2378,0,0,6,34
2379,0,0,13,50
2380,1,0,36,43
2381,1,0,39,26
2382,1,0,42,39
2383,1,1,29,41
2384,1,0,45,34
2385,1,0,35,0
2386,0,0,37,25
2387,0,1,31,33
2388,1,0,40,29
2389,0,1,23,14
2390,0,1,29,8
2391,0,1,40,15
2392,0,0,7,44
2393,1,0,27,39
2394,1,1,2,30
2395,1,0,49,49
2396,0,0,16,7
2397,1,0,40,34
2398,0,1,9,6
2399,0,0,7,39
2400,1,0,23,33
2401,0,0,37,44
2402,1,0,30,26
2403,1,0,5,27
2404,0,0,40,40
2405,0,0,17,18
2406,1,1,38,49
2407,1,1,37,34
2408,0,0,50,4
2409,1,0,9,47
2410,0,1,12,38
2411,1,1,2,19
2412,1,0,47,36
2413,1,0,34,36
2414,0,1,45,5
2415,1,0,6,23
2416,0,0,40,37
2417,1,0,1,40
2418,1,1,7,12
2419,1,1,42,3
2420,0,0,0,6
2421,1,0,18,41
2422,1,1,49,39
2423,0,0,33,47
2424,1,1,32,14
2425,1,1,8,33
2426,0,0,42,40
2427,1,0,34,42
2428,1,1,1,49
2429,0,0,38,16
2430,1,1,31,24
2431,1,1,20,29
2432,1,1,15,12
2433,1,1,15,17
2434,0,0,40,23
2435,1,1,23,6
2436,0,0,35,10
2437,1,1,8,22
2438,1,0,47,18
2439,1,0,1,14
2440,1,1,10,22
2441,1,1,24,11
2442,1,1,11,33
2443,1,1,33,25
2444,0,0,22,41
2445,0,0,29,29
2446,1,0,45,38
2447,1,0,1,18
2448,0,0,24,49
2449,0,1,9,16
2450,0,0,7,19
2451,0,1,50,16
2452,1,0,12,2
2453,1,1,37,15
2454,0,0,25,17
2455,1,1,36,9
2456,1,1,20,14
2457,0,0,49,34
2458,1,1,14,3
2459,0,1,15,29
2460,1,1,24,4
2461,1,1,26,13
2462,1,0,6,42
2463,0,0,50,33
2464,1,1,46,2
2465,1,0,20,15
2466,0,0,13,3
2467,0,1,26,19
2468,1,1,25,46
2469,1,1,49,28
2470,1,0,29,49
2471,0,1,25,8
2472,0,1,36,29
2473,1,0,13,39
2474,0,0,10,0
2475,0,1,5,7
2476,1,0,21,12
2477,1,1,39,22
2478,1,1,14,42
2479,0,0,37,39
2480,0,1,37,27
2481,0,1,23,48
2482,1,1,47,4
2483,1,0,18,33
2484,0,1,41,40
2485,1,0,10,13
2486,0,0,2,9
2487,1,0,39,38
2488,0,0,42,16
2489,1,1,24,35
2490,1,0,12,42
2491,1,1,17,2
2492,0,0,13,40
2493,1,1,24,45
2494,1,1,23,40
2495,1,1,48,25
2496,1,0,29,35
2497,1,0,17,12
2498,0,0,9,32
2499,1,0,43,1
2500,0,1,26,27
2501,1,1,31,3
2502,0,1,3,50
2503,1,0,9,39
2504,0,1,25,21
2505,1,1,25,2
2506,0,0,19,48
2507,0,1,39,40
2508,1,0,31,6
2509,1,1,2,36
2510,0,1,14,34
2511,1,0,30,27
2512,1,1,2,17
2513,1,1,37,38
2514,0,1,3,45
2515,0,0,40,39
2516,0,1,12,5
2517,0,0,11,7
2518,0,1,23,26
2519,0,0,43,33
2520,1,1,50,29
2521,1,1,1,21
2522,1,0,37,7
2523,1,1,16,43
2524,0,0,5,47
2525,0,0,27,22
2526,1,1,6,12
2527,1,1,32,19
2528,1,1,46,47
2529,0,0,11,15
2530,0,1,23,3
2531,1,0,20,29
2532,1,1,15,49
2533,0,0,34,49
2534,0,0,17,44
2535,1,1,32,6
2536,1,0,4,24
2537,0,0,18,50
2538,1,1,29,27
2539,0,0,30,0
2540,0,0,10,21
2541,1,1,44,10
2542,1,0,36,49
2543,0,0,49,20
2544,0,1,4,40
2545,0,0,4,47
2546,0,1,8,28
2547,1,1,10,35
2548,0,0,36,37
2549,1,1,33,27
2550,1,1,14,4
2551,1,1,1,5
2552,0,1,10,2
2553,1,0,14,36
2554,1,1,2,3
2555,0,0,27,33
2556,1,0,24,21
2557,1,1,6,46
2558,1,1,0,8
2559,0,0,5,19
2560,0,1,4,18
2561,1,1,27,33
2562,1,0,4,16
2563,0,1,23,19
2564,1,1,23,15
2565,1,0,4,13
2566,1,1,45,1
2567,0,1,46,36
2568,0,1,39,12
2569,0,0,20,41
2570,0,0,34,33
2571,0,0,10,24
2572,0,1,28,2
2573,1,1,41,41
2574,1,1,11,17
2575,0,1,40,31
2576,0,1,6,2
2577,1,1,6,34
2578,0,0,6,21
2579,0,1,41,21
2580,1,1,30,17
2581,1,1,36,2
2582,1,0,32,5
2583,0,1,48,9
2584,1,0,36,44
2585,1,0,8,28
2586,0,0,32,20
2587,1,1,28,15
2588,0,1,39,4
2589,0,1,40,4
2590,1,1,20,45
2591,1,0,41,16
2592,0,0,22,41
2593,1,1,41,41
2594,0,0,45,26
2595,1,1,12,8
2596,0,0,33,38
2597,1,0,12,17
2598,0,0,36,40
2599,1,1,16,7
2600,0,0,39,37
2601,0,1,43,32
2602,1,0,48,22
2603,0,1,7,50
2604,0,0,10,8
2605,1,0,41,36
2606,0,0,43,29
2607,1,1,25,13
2608,0,0,6,11
2609,0,0,35,25
2610,0,1,29,46
2611,0,0,1,25
2612,1,0,23,34
2613,0,0,40,48
2614,1,0,27,34
2615,0,1,48,38
2616,1,0,12,43
2617,1,1,33,47
2618,0,0,31,19
2619,1,1,32,12
2620,0,1,21,4
2621,0,1,26,44
2622,0,1,47,10
2623,0,1,24,14
2624,0,1,21,42
2625,0,0,7,32
2626,1,0,20,25
2627,1,0,22,0
2628,1,0,38,11
2629,0,0,49,38
2630,1,0,38,23
2631,1,0,32,3
2632,1,1,38,10
2633,1,1,5,49
2634,1,1,10,24
2635,1,1,2,37
2636,1,0,0,30
2637,1,0,33,26
2638,1,0,31,12
2639,1,0,42,50
2640,1,1,18,19
2641,1,0,40,3
2642,1,1,4,48
2643,0,0,43,13
2644,1,1,49,37
2645,1,0,48,0
2646,0,0,5,7
2647,1,1,42,46
2648,0,0,11,14
2649,1,0,26,1
2650,0,1,21,33
2651,1,1,27,36
2652,0,0,21,29
2653,1,1,23,47
2654,1,0,39,33
2655,1,1,24,45
2656,0,1,18,37
2657,1,1,35,50
2658,0,0,32,4
2659,1,1,36,11
2660,0,0,13,33
2661,1,1,42,47
2662,1,1,17,4
2663,0,0,4,1
2664,0,1,6,36
2665,0,0,23,2
2666,1,1,37,19
2667,1,0,29,21
2668,0,1,2,13
2669,1,1,6,17
2670,1,1,36,44
2671,1,1,41,3
2672,1,0,1,50
2673,0,1,14,1
2674,0,1,49,22
2675,0,0,31,20
2676,0,0,9,11
2677,0,1,30,47
2678,0,1,24,1
2679,0,1,49,21
2680,0,1,24,42
2681,1,1,30,9
2682,0,1,39,42
2683,1,1,32,11
2684,1,0,32,46
2685,1,0,18,27
2686,1,1,25,29
2687,1,0,48,49
2688,1,1,17,25
2689,1,0,38,43
2690,1,1,19,7
2691,1,0,7,37
2692,1,1,24,15
2693,1,1,10,13
2694,0,1,34,0
2695,0,1,50,25
2696,0,0,16,3
2697,0,0,9,1
2698,0,0,19,8
2699,0,0,35,38
2700,0,0,18,35
2701,0,1,16,18
2702,0,0,20,6
2703,1,1,46,41
2704,1,1,38,50
2705,1,0,29,25
2706,0,1,27,42
2707,0,0,1,8
2708,1,0,45,28
2709,0,0,42,16
2710,0,1,5,20
2711,1,1,13,3
2712,0,0,33,29
2713,0,0,25,33
2714,0,0,36,0
2715,0,0,38,17
2716,0,0,44,35
2717,1,0,39,6
2718,1,1,28,44
2719,0,0,39,38
2720,1,1,41,21
2721,0,1,0,8
2722,1,1,48,22
2723,0,1,37,50
2724,0,1,20,37
2725,0,1,39,8
2726,1,1,43,46
2727,0,1,37,35
2728,1,0,49,49
2729,0,1,7,49
2730,0,1,46,13
2731,0,1,19,21
2732,0,1,50,12
2733,0,1,3,6
2734,1,0,10,22
2735,1,1,17,23
2736,1,0,13,4
2737,0,1,26,9
2738,1,1,18,16
2739,0,1,10,15
2740,1,0,1,27
2741,1,0,30,23
2742,0,1,15,2
2743,0,1,28,39
2744,0,0,42,13
2745,1,1,30,39
2746,0,0,1,13
2747,1,0,6,5
2748,1,0,17,21
2749,1,0,8,6
2750,0,1,23,47
2751,1,1,29,12
2752,1,0,17,10
2753,1,0,38,36
2754,1,1,12,45
2755,1,1,14,31
2756,0,1,17,13
2757,0,1,7,24
2758,0,0,48,33
2759,1,0,22,11
2760,0,1,18,10
2761,1,1,13,22
2762,1,0,16,23
2763,1,1,50,46
2764,1,0,30,22
2765,1,1,8,42
2766,1,1,40,37
2767,0,1,28,16
2768,0,1,34,2
2769,1,0,18,50
2770,0,1,47,28
2771,1,0,39,1
2772,0,1,21,35
2773,1,0,20,31
2774,0,1,17,4
2775,0,0,42,1
2776,1,0,6,26
2777,1,0,37,10
2778,0,0,38,45
2779,1,1,41,42
2780,1,1,11,8
2781,0,1,37,29
2782,0,0,30,50
2783,0,0,15,5
2784,0,0,5,45
2785,0,0,44,11
2786,1,1,24,24
2787,1,0,6,0
2788,0,1,46,27
2789,1,1,49,1
2790,1,1,13,35
2791,0,1,0,15
2792,0,0,25,18
2793,1,1,28,16
2794,1,0,14,22
2795,0,1,24,0
2796,1,1,5,47
2797,1,1,16,37
2798,0,1,24,8
2799,0,0,12,43
2800,0,1,48,18
2801,0,1,15,22
2802,0,0,50,20
2803,0,0,28,11
2804,0,0,39,37
2805,1,0,33,34
2806,0,1,4,44
2807,1,0,33,5
2808,0,1,4,20
2809,0,0,49,12
2810,0,0,12,20
2811,1,1,18,36
2812,0,0,31,29
2813,1,0,26,8
2814,1,0,5,33
2815,1,1,4,20
2816,0,0,8,41
2817,1,0,40,12
2818,1,1,23,41
2819,1,0,37,39
2820,1,0,32,45
2821,1,0,12,30
2822,0,1,14,33
2823,0,0,22,16
2824,0,1,27,13
2825,1,1,42,5
2826,1,1,30,33
2827,1,1,4,17
2828,1,0,29,17
2829,1,0,0,37
2830,1,1,26,49
2831,1,1,18,37
2832,1,1,9,16
2833,1,1,10,4
2834,0,0,11,19
2835,1,0,26,44
2836,0,0,12,50
2837,1,1,41,41
2838,1,1,37,37
2839,0,0,11,36
2840,1,0,35,45
2841,0,1,14,34
2842,0,1,22,19
2843,1,0,3,39
2844,0,1,25,11
2845,0,0,29,27
2846,0,1,36,50
2847,1,0,50,7
2848,1,0,7,18
2849,1,1,26,2
2850,1,1,22,20
2851,1,1,8,27
2852,1,0,9,28
2853,1,0,1,47
2854,0,1,17,50
2855,1,1,13,5
2856,0,0,20,25
2857,0,1,1,49
2858,0,0,32,22
2859,1,0,49,11
2860,1,0,28,36
2861,0,0,31,44
2862,0,0,24,50
2863,1,0,11,30
2864,1,1,27,6
2865,1,0,14,47
2866,0,1,24,8
2867,0,1,7,43
2868,0,0,16,19
2869,1,1,49,23
2870,1,1,6,33
2871,1,0,43,10
2872,0,1,11,33
2873,1,0,1,42
2874,0,1,17,12
2875,1,0,14,19
2876,0,1,29,22
2877,0,0,50,36
2878,0,0,5,3
2879,0,0,7,12
2880,0,0,1,43
2881,1,0,27,43
2882,0,1,23,11
2883,0,1,8,11
2884,0,1,27,25
2885,0,1,31,34
2886,0,0,21,16
2887,1,1,50,48
2888,1,1,48,10
2889,0,0,40,50
2890,0,0,40,49
2891,0,0,23,38
2892,1,1,10,5
2893,0,1,1,31
2894,1,1,22,47
2895,1,0,32,0
2896,0,0,12,46
2897,1,0,13,24
2898,1,1,13,28
2899,1,1,14,45
2900,1,0,2,46
2901,1,0,38,49
2902,1,1,9,8
2903,0,0,24,23
2904,0,1,40,17
2905,1,1,24,1
2906,1,1,16,3
2907,1,0,42,7
2908,0,0,47,40
2909,1,0,5,13
2910,0,0,41,10
2911,1,1,1,18
2912,1,0,14,30
2913,1,0,15,27
2914,1,1,30,41
2915,0,1,11,41
2916,1,1,37,39
2917,1,1,13,36
2918,1,1,3,17
2919,1,1,35,39
2920,1,0,12,14
2921,1,1,6,3
2922,0,0,34,4
2923,1,1,43,21
2924,1,0,35,44
2925,1,1,22,39
2926,1,0,42,35
2927,0,1,7,9
2928,1,1,35,11
2929,1,0,1,0
2930,1,0,14,10
2931,0,0,2,34
2932,0,1,33,27
2933,1,0,27,44
2934,1,1,26,21
2935,1,1,9,18
2936,0,0,18,49
2937,0,1,15,12
2938,0,1,19,35
2939,0,0,5,43
2940,1,1,25,14
2941,1,1,32,32
2942,0,0,2,39
2943,0,0,49,9
2944,1,1,30,15
2945,0,0,36,40
2946,0,0,25,41
2947,1,1,48,19
2948,1,1,12,23
2949,1,0,34,36
2950,1,0,44,41
2951,1,1,3,16
2952,1,0,45,25
2953,0,1,50,16
2954,1,1,27,1
2955,0,0,9,27
2956,1,0,50,18
2957,1,1,35,2
2958,1,0,25,46
2959,1,1,38,46
2960,0,0,33,44
2961,0,0,38,33
2962,1,1,33,24
2963,0,1,21,34
2964,0,0,45,44
2965,1,0,8,20
2966,0,0,47,24
2967,1,1,39,37
2968,1,0,14,5
2969,0,1,20,3
2970,0,1,24,4
2971,1,1,45,28
2972,0,0,45,10
2973,1,0,19,43
2974,0,1,40,32
2975,1,1,11,28
2976,0,1,15,22
2977,0,1,41,43
2978,1,1,3,42
2979,1,0,40,35
2980,0,1,27,1
2981,0,0,22,28
2982,0,0,48,30
2983,0,0,4,22
2984,0,1,13,31
2985,0,1,0,32
2986,1,0,23,47
2987,0,0,0,37
2988,0,1,34,21
2989,1,1,0,27
2990,0,0,8,14
2991,1,0,4,1
2992,1,1,8,21
2993,0,0,50,27
2994,1,0,42,23
2995,0,0,37,36
2996,1,1,42,41
2997,1,0,26,2
2998,1,1,18,42
2999,0,1,40,19
3000,0,1,16,29
3001,0,1,3,5
3002,1,0,40,13
3003,0,0,11,13
3004,1,1,9,7
3005,1,0,28,2
3006,1,0,6,47
3007,1,0,31,23
3008,1,1,16,16
3009,1,0,21,23
3010,1,0,38,45
3011,1,0,1,30
3012,0,0,0,25
3013,0,1,24,35
3014,0,1,6,2
3015,1,1,3,22
3016,0,1,11,27
3017,0,1,11,37
3018,0,0,5,11
3019,0,0,14,26
3020,0,1,41,12
3021,1,0,24,45
3022,0,0,27,21
3023,0,0,47,32
3024,1,1,35,7
3025,1,0,32,34
3026,1,1,3,16
3027,1,1,2,45
3028,0,1,7,18
3029,1,0,45,22
3030,1,1,37,7
3031,1,0,41,9
3032,1,0,49,36
3033,1,0,7,1
3034,1,0,44,24
3035,0,0,49,10
3036,0,0,47,19
3037,0,0,48,27
3038,1,1,50,32
3039,0,1,45,39
3040,0,1,32,31
3041,0,1,9,15
3042,1,0,2,30
3043,1,0,29,32
3044,1,0,36,19
3045,1,0,16,23
3046,0,1,5,6
3047,1,0,44,43
3048,0,1,27,18
3049,0,1,4,29
3050,0,1,36,27
3051,1,1,32,8
3052,1,1,45,19
3053,1,0,13,11
3054,1,1,37,19
3055,0,1,13,30
3056,0,1,33,3
3057,1,0,1,47
3058,1,0,13,8
3059,0,1,0,28
3060,0,0,8,42
3061,1,0,42,13
3062,1,0,16,47
3063,1,1,29,17
3064,0,1,20,38
3065,1,0,41,22
3066,1,1,48,3
3067,0,0,3,6
3068,1,0,38,18
3069,1,1,1,39
3070,0,1,37,8
3071,0,1,29,32
3072,0,0,30,33
3073,0,1,49,14
3074,0,0,11,19
3075,0,1,41,44
3076,0,0,30,30
3077,0,0,21,24
3078,0,0,37,26
3079,0,0,6,4
3080,0,1,33,5
3081,0,0,14,20
3082,1,1,50,34
3083,0,0,37,16
3084,0,1,27,50
3085,1,1,47,45
3086,0,0,22,29
3087,0,0,35,30
3088,1,0,14,33
3089,0,0,45,42
3090,1,1,35,19
3091,0,0,14,1
3092,0,0,35,0
3093,0,0,25,26
3094,1,1,16,50
3095,1,0,33,40
3096,1,1,35,30
3097,0,0,10,34
3098,1,1,33,15
3099,0,1,22,46
3100,1,1,50,20
3101,0,0,4,3
3102,1,0,14,8
3103,0,1,50,28
3104,0,0,1,49
3105,1,0,17,44
3106,1,1,37,6
3107,0,0,45,34
3108,1,1,40,28
3109,0,1,30,45
3110,1,0,50,24
3111,1,0,1,2
3112,0,1,6,1
3113,1,0,16,39
3114,0,0,37,46
3115,1,1,38,37
3116,1,1,40,42
3117,1,0,30,20
3118,1,1,41,17
3119,1,1,47,30
3120,0,0,44,16
3121,1,0,3,30
3122,1,1,35,19
3123,0,0,17,10
3124,0,0,26,11
3125,1,1,12,24
3126,1,1,32,49
3127,0,0,8,38
3128,1,1,30,7
3129,0,1,11,18
3130,1,0,47,18
3131,1,0,26,31
3132,0,1,38,37
3133,1,0,45,22
3134,1,0,7,50
3135,1,0,34,46
3136,1,0,34,48
3137,0,0,9,28
3138,1,0,15,0
3139,1,1,39,8
3140,1,0,29,47
3141,0,1,40,44
3142,0,0,42,35
3143,0,0,18,14
3144,1,1,7,40
3145,1,1,10,23
3146,1,1,8,28
3147,1,1,23,40
3148,0,1,0,20
3149,1,0,17,29
3150,1,0,2,46
3151,1,1,2,4
3152,0,0,46,35
3153,1,0,16,9
3154,0,1,19,21
3155,0,0,38,6
3156,1,0,39,29
3157,1,0,22,10
3158,0,1,47,28
3159,1,0,38,1
3160,0,1,43,6
3161,0,0,36,6
3162,0,1,16,0
3163,1,1,6,25
3164,0,0,28,12
3165,1,1,16,48
3166,0,1,36,33
3167,1,0,26,30
3168,1,1,0,14
3169,0,0,32,36
3170,0,0,0,35
3171,0,1,6,5
3172,1,1,16,1
3173,1,1,31,36
3174,1,1,34,16
3175,0,1,33,33
3176,0,1,29,26
3177,1,1,24,8
3178,0,0,43,8
3179,0,0,37,24
3180,1,0,1,15
3181,0,0,11,18
3182,1,1,7,39
3183,0,0,1,21
3184,1,0,37,25
3185,0,0,9,49
3186,0,0,26,0
3187,1,0,30,38
3188,0,1,23,3
3189,0,0,2,5
3190,0,1,0,25
3191,1,0,2,5
3192,0,1,3,34
3193,0,1,29,13
3194,0,1,14,11
3195,0,1,6,25
3196,0,1,13,18
3197,0,0,12,40
3198,0,0,42,24
3199,1,0,3,2
3200,0,0,35,43
3201,1,0,15,9
3202,1,1,27,24
3203,0,1,47,48
3204,0,0,7,7
3205,0,0,22,31
3206,1,0,40,44
3207,1,1,19,21
3208,1,0,21,49
3209,1,1,40,38
3210,1,1,44,6
3211,0,1,37,8
3212,0,0,3,16
3213,0,1,18,48
3214,0,1,37,44
3215,1,0,22,7
3216,0,1,5,9
3217,1,1,32,10
3218,1,1,18,49
3219,0,1,16,48
3220,1,1,34,38
3221,1,1,24,44
3222,1,1,9,14
3223,1,0,23,6
3224,0,1,3,50
3225,1,1,49,21
3226,1,0,42,11
3227,0,1,4,2
3228,1,0,25,35
3229,1,1,36,44
3230,1,0,49,42
3231,1,0,45,44
3232,0,0,15,3
3233,1,1,6,7
3234,0,0,26,22
3235,0,1,9,10
3236,0,1,5,48
3237,0,1,19,4
3238,1,0,2,5
3239,0,1,46,48
3240,0,1,30,47
3241,0,1,5,31
3242,0,1,14,13
3243,0,1,46,43
3244,0,0,45,17
3245,0,1,0,45
3246,0,1,12,36
3247,1,0,32,16
3248,1,0,33,16
3249,0,1,0,13
3250,0,1,14,24
3251,1,0,1,9
3252,1,1,23,30
3253,1,0,24,5
3254,0,0,38,49
3255,0,0,47,47
3256,1,0,9,7
3257,0,0,48,18
3258,1,1,39,45
3259,0,0,26,45
3260,0,1,4,17
3261,1,1,12,49
3262,0,1,18,36
3263,1,1,20,6
3264,0,0,2,39
3265,0,1,26,28
3266,1,0,7,16
3267,1,0,29,9
3268,0,0,8,19
3269,0,1,1,9
3270,1,0,49,47
3271,1,1,44,23
3272,1,1,19,3
3273,0,0,11,36
3274,1,0,19,48
3275,1,0,0,23
3276,0,1,36,8
3277,0,1,34,6
3278,1,0,13,27
3279,0,1,14,11
3280,1,1,11,20
3281,1,0,4,10
3282,0,0,39,23
3283,1,0,40,48
3284,1,0,24,8
3285,1,0,22,9
3286,1,1,22,12
3287,0,1,34,21
3288,0,1,39,43
3289,1,1,24,10
3290,0,0,41,37
3291,0,0,0,23
3292,1,1,41,23
3293,0,0,33,28
3294,1,0,22,30
3295,0,1,50,5
3296,0,1,38,19
3297,1,0,10,19
3298,1,0,3,37
3299,1,1,40,15
3300,1,1,41,19
3301,1,0,28,27
3302,0,0,36,9
3303,0,0,5,8
3304,0,1,9,33
3305,0,0,37,31
3306,0,0,50,4
3307,0,0,49,47
3308,0,0,43,49
3309,0,1,21,41
3310,1,1,32,46
3311,0,1,31,9
3312,1,0,13,11
3313,1,0,9,40
3314,1,1,26,24
3315,0,0,21,31
3316,0,0,13,23
3317,0,1,1,10
3318,0,1,15,9
3319,1,1,18,1
3320,0,1,41,25
3321,1,1,39,24
3322,0,1,19,28
3323,1,1,18,37
3324,1,0,18,14
3325,0,0,32,22
3326,0,1,0,6
3327,1,0,10,26
3328,1,0,15,13
3329,1,1,40,2
3330,0,0,32,20
3331,1,0,47,42
3332,1,1,27,46
3333,1,1,4,13
3334,1,0,48,17
3335,1,0,0,2
3336,0,0,50,49
3337,0,1,6,3
3338,0,0,15,11
3339,0,0,37,24
3340,0,1,36,44
3341,0,0,48,21
3342,0,0,13,35
3343,0,0,34,21
3344,1,1,26,39
3345,0,0,48,18
3346,0,0,4,48
3347,0,0,38,16
3348,0,0,44,36
3349,0,0,16,40
3350,1,1,14,17
3351,0,1,48,14
3352,0,1,4,22
3353,1,0,24,9
3354,0,1,8,8
3355,0,0,35,4
3356,0,0,2,48
3357,0,0,42,36
3358,0,1,3,20
3359,0,0,36,26
3360,1,0,7,25
3361,0,0,36,0
3362,1,1,29,2
3363,0,1,21,31
3364,0,0,31,30
3365,1,0,48,50
3366,1,0,39,44
3367,0,0,13,17
3368,0,0,50,31
3369,0,0,37,6
3370,1,0,39,46
3371,0,1,12,26
3372,1,1,40,50
3373,1,1,49,42
3374,1,0,19,34
3375,1,1,6,14
3376,1,1,36,47
3377,1,1,46,18
3378,1,1,42,21
3379,0,1,22,5
3380,1,1,40,2
3381,1,1,7,35
3382,1,0,46,6
3383,0,0,36,11
3384,0,0,19,28
3385,1,0,14,15
3386,0,1,46,4
3387,1,0,6,16
3388,0,0,19,40
3389,0,1,19,2
3390,0,1,32,16
3391,1,0,30,37
3392,1,1,3,17
3393,0,0,44,19
3394,1,1,7,21
3395,0,1,1,30
3396,0,1,7,16
3397,0,0,3,12
3398,1,1,23,1
3399,0,0,38,1
3400,1,0,42,11
3401,0,1,3,36
3402,1,1,14,3
3403,1,1,0,10
3404,0,0,44,26
3405,0,1,19,6
3406,1,0,40,11
3407,1,1,31,17
3408,1,0,22,28
3409,0,0,1,25
3410,0,0,9,41
3411,1,0,20,36
3412,1,1,0,41
3413,1,1,30,42
3414,1,0,7,19
3415,1,0,45,48
3416,0,1,5,46
3417,0,1,34,41
3418,1,0,2,9
3419,1,0,44,25
3420,0,0,11,11
3421,1,0,27,3
3422,1,1,8,32
3423,0,1,18,12
3424,1,1,29,35
3425,0,1,18,35
3426,0,0,41,25
3427,1,0,9,1
3428,0,0,1,11
3429,0,0,10,29
3430,0,1,27,41
3431,1,1,45,17
3432,1,0,11,30
3433,1,0,37,11
3434,1,0,24,25
3435,1,1,22,4
3436,1,0,8,44
3437,1,1,1,36
3438,0,0,2,12
3439,1,1,16,27
3440,1,0,31,38
3441,0,1,8,36
3442,0,0,28,16
3443,0,1,34,4
3444,0,1,30,44
3445,0,0,31,41
3446,0,0,19,19
3447,1,1,17,37
3448,0,1,37,33
3449,1,0,32,40
3450,0,0,0,40
3451,1,0,7,34
3452,1,0,7,30
3453,0,0,43,21
3454,0,1,14,40
3455,1,0,44,35
3456,1,0,6,48
3457,1,1,7,6
3458,1,0,33,15
3459,0,1,33,36
3460,0,0,12,12
3461,0,0,16,13
3462,1,0,10,4
3463,1,0,27,24
3464,0,1,41,18
3465,0,0,12,7
3466,0,1,50,40
3467,0,0,9,16
3468,0,1,30,16
3469,1,1,42,0
3470,0,0,16,16
3471,0,1,29,46
3472,1,0,13,32
3473,1,0,39,7
3474,1,1,27,3
3475,1,0,38,46
3476,0,1,10,2
3477,1,1,9,15
3478,0,0,16,27
3479,1,0,6,32
3480,0,0,10,0
3481,1,1,23,24
3482,1,1,10,2
3483,1,0,50,48
3484,0,0,20,4
3485,0,0,31,47
3486,1,1,27,15
3487,0,0,3,19
3488,1,0,31,49
3489,1,1,26,38
3490,0,1,42,32
3491,1,1,17,4
3492,0,0,8,27
3493,0,1,20,15
3494,1,0,34,12
3495,1,1,20,12
3496,1,0,42,45
3497,0,0,30,11
3498,0,0,20,4
3499,1,0,20,16
3500,1,1,39,31
3501,1,0,43,47
3502,0,1,8,19
3503,0,1,10,18
3504,1,1,12,41
3505,1,0,6,32
3506,1,1,8,20
3507,0,1,29,6
3508,1,0,8,44
3509,1,0,10,34
3510,0,1,47,13
3511,0,1,30,13
3512,1,0,45,43
3513,1,1,22,2
3514,1,0,17,24
3515,1,0,8,1
3516,1,0,8,18
3517,0,1,26,29
3518,1,0,30,38
3519,1,0,26,13
3520,1,1,38,9
3521,0,0,37,14
3522,1,1,32,5
3523,0,0,10,13
3524,1,0,34,3
3525,1,1,14,4
3526,1,1,49,17
3527,1,0,19,31
3528,0,0,36,4
3529,1,0,37,46
3530,1,0,46,3
3531,0,1,19,44
3532,0,0,41,10
3533,0,0,46,21
3534,0,0,10,35
3535,0,1,19,14
3536,0,1,18,10
3537,0,1,44,48
3538,0,0,4,37
3539,0,1,15,38
3540,0,1,10,12
3541,1,1,0,10
3542,1,1,10,5
3543,0,1,37,39
3544,1,0,39,48
3545,0,0,44,50
3546,1,0,0,30
3547,0,1,24,10
3548,0,1,44,37
3549,1,0,18,39
3550,0,0,10,28
3551,0,1,21,50
3552,0,0,0,46
3553,0,0,44,18
3554,1,0,19,4
3555,1,0,11,26
3556,1,1,7,5
3557,0,1,15,15
3558,0,1,28,47
3559,0,1,14,21
3560,1,1,24,45
3561,1,1,48,14
3562,0,0,43,10
3563,0,0,0,44
3564,1,0,6,12
3565,0,0,39,30
3566,0,0,20,18
3567,0,0,5,18
3568,1,0,44,47
3569,0,1,24,34
3570,0,1,41,9
3571,0,0,39,23
3572,0,0,11,21
3573,1,0,33,19
3574,1,0,32,27
3575,1,0,26,19
3576,0,1,29,42
3577,1,0,46,33
3578,1,0,9,14
3579,1,1,17,34
3580,0,0,20,2
3581,1,0,24,12
3582,0,1,49,46
3583,0,1,17,50
3584,1,0,24,15
3585,1,0,35,21
3586,1,0,25,47
3587,0,1,33,50
3588,1,1,47,35
3589,0,0,6,5
3590,0,0,44,21
3591,1,1,33,23
3592,1,1,25,35
3593,1,1,7,12
3594,0,0,24,44
3595,1,0,23,44
3596,1,1,36,1
3597,1,0,23,4
3598,1,1,5,49
3599,0,0,33,50
3600,1,1,28,43
3601,1,0,36,19
3602,0,0,18,40
3603,1,0,11,19
3604,1,1,49,29
3605,0,1,12,2
3606,1,1,50,5
3607,1,1,38,29
3608,0,0,26,46
3609,1,0,7,26
3610,1,0,35,35
3611,1,0,0,30
3612,0,1,8,20
3613,1,0,50,50
3614,1,0,15,30
3615,1,0,18,5
3616,1,0,18,22
3617,0,0,12,31
3618,1,1,1,20
3619,0,0,28,17
3620,0,1,7,47
3621,0,0,27,28
3622,1,0,30,17
3623,0,1,40,11
3624,0,0,8,1
3625,0,1,11,32
3626,1,0,16,3
3627,1,0,38,16
3628,0,1,2,40
3629,1,0,6,19
3630,1,0,29,20
3631,1,0,30,9
3632,0,1,1,31
3633,0,0,35,37
3634,1,1,23,30
3635,0,1,8,41
3636,0,0,42,3
3637,0,0,15,12
3638,0,0,48,29
3639,1,0,10,27
3640,1,0,15,27
3641,0,1,21,47
3642,0,0,12,49
3643,1,0,33,13
3644,0,0,22,7
3645,1,1,24,46
3646,1,1,22,50
3647,0,0,10,21
3648,0,0,14,13
3649,1,1,21,40
3650,0,1,18,42
3651,0,1,19,16
3652,1,1,4,44
3653,1,0,35,30
3654,0,0,20,38
3655,0,0,0,44
3656,0,0,5,41
3657,0,0,44,29
3658,1,1,17,50
3659,0,1,7,1
3660,1,0,23,2
3661,0,1,20,9
3662,0,0,34,38
3663,0,0,19,43
3664,1,1,9,25
3665,1,0,2,13
3666,0,0,28,28
3667,1,0,8,44
3668,1,0,38,40
3669,0,1,33,6
3670,0,0,9,6
3671,0,1,14,0
3672,1,0,37,24
3673,0,0,49,5
3674,0,0,8,12
3675,0,1,37,36
3676,1,1,28,15
3677,0,0,42,25
3678,1,1,2,49
3679,1,1,3,28
3680,1,0,38,34
3681,1,0,33,37
3682,1,1,18,27
3683,0,1,3,14
3684,0,1,42,25
3685,1,1,47,11
3686,1,0,33,1
3687,0,1,36,6
3688,0,1,41,26
3689,0,1,32,41
3690,0,0,17,8
3691,1,1,12,50
3692,1,1,21,44
3693,0,1,35,24
3694,0,1,44,20
3695,1,0,46,35
3696,0,0,42,14
3697,0,1,9,42
3698,0,1,14,13
3699,0,1,33,45
3700,0,0,32,23
3701,0,1,20,22
3702,1,1,17,19
3703,1,1,1,43
3704,0,0,37,2
3705,0,0,34,6
3706,0,0,2,37
3707,1,0,4,34
3708,0,0,9,35
3709,1,1,46,42
3710,1,0,8,14
3711,1,0,7,5
3712,1,1,6,16
3713,1,0,33,32
3714,0,0,40,32
3715,0,0,22,12
3716,0,0,44,36
3717,1,1,31,30
3718,1,0,14,15
3719,1,1,50,4
3720,1,0,3,15
3721,1,1,23,5
3722,0,1,29,19
3723,0,1,12,29
3724,0,0,31,39
3725,1,1,10,8
3726,0,1,47,1
3727,0,0,25,45
3728,0,1,12,7
3729,1,0,34,48
3730,0,1,13,23
3731,1,1,44,40
3732,0,0,14,7
3733,0,1,8,32
3734,0,1,48,37
3735,0,0,43,24
3736,0,0,23,43
3737,0,0,47,30
3738,0,0,13,16
3739,0,1,38,0
3740,0,0,30,24
3741,0,1,1,13
3742,1,1,20,6
3743,0,1,44,17
3744,0,0,25,21
3745,1,1,37,35
3746,0,0,25,38
3747,1,0,9,31
3748,1,1,32,41
3749,1,1,25,7
3750,0,1,42,38
3751,1,0,9,0
3752,1,1,31,42
3753,1,0,32,49
3754,1,0,41,15
3755,1,0,23,22
3756,0,0,28,42
3757,0,0,13,39
3758,0,0,22,18
3759,0,0,36,8
3760,0,0,14,25
3761,1,0,44,10
3762,1,1,32,33
3763,1,0,9,24
3764,0,1,15,3
3765,1,1,45,30
3766,1,0,45,13
3767,1,0,6,36
3768,1,1,29,11
3769,1,1,45,31
3770,0,0,40,12
3771,1,1,48,32
3772,1,1,40,25
3773,1,1,39,31
3774,1,0,18,38
3775,1,1,22,25
3776,0,1,14,29
3777,0,0,18,40
3778,1,0,9,7
3779,1,0,39,25
3780,1,0,33,50
3781,0,1,5,49
3782,1,0,31,31
3783,1,1,40,35
3784,1,0,3,0
3785,0,1,9,29
3786,1,0,3,19
3787,0,0,43,36
3788,1,0,7,26
3789,0,1,33,31
3790,0,1,35,11
3791,1,0,36,44
3792,0,1,22,27
3793,1,1,20,40
3794,1,0,3,36
3795,1,1,0,37
3796,1,1,33,15
3797,0,0,10,8
3798,0,1,2,30
3799,1,1,2,44
3800,1,0,28,42
3801,0,0,46,35
3802,1,0,40,12
3803,1,1,21,41
3804,1,1,46,2
3805,0,1,18,6
3806,1,1,27,11
3807,0,0,48,33
3808,0,0,43,2
3809,0,1,20,16
3810,0,1,5,23
3811,1,0,39,11
3812,1,1,21,2
3813,1,0,48,27
3814,0,1,49,28
3815,0,0,19,12
3816,1,0,15,5
3817,1,0,38,8
3818,1,1,35,19
3819,0,0,27,5
3820,1,1,11,36
3821,1,1,18,49
3822,0,1,37,23
3823,1,1,46,15
3824,0,0,35,32
3825,0,0,44,7
3826,1,0,33,28
3827,1,0,15,23
3828,0,0,0,10
3829,0,0,8,6
3830,0,0,50,38
3831,0,0,0,27
3832,0,0,45,11
3833,1,1,11,10
3834,1,0,30,49
3835,1,0,9,45
3836,0,0,0,29
3837,0,1,36,26
3838,1,1,18,14
3839,1,0,42,42
3840,0,1,11,10
3841,1,0,45,42
3842,1,1,10,42
3843,1,0,17,8
3844,0,1,25,6
3845,0,1,26,7
3846,1,0,42,8
3847,1,1,25,34
3848,1,0,46,6
3849,1,0,48,48
3850,0,1,49,39
3851,1,1,11,44
3852,1,1,34,5
3853,1,1,44,3
3854,0,1,32,47
3855,1,1,25,35
3856,0,0,49,2
3857,1,1,30,41
3858,1,0,21,46
3859,0,0,36,49
3860,0,0,25,45
3861,0,1,11,41
3862,0,0,13,4
3863,1,1,14,16
3864,1,0,1,3
3865,0,0,26,15
3866,1,0,34,30
3867,1,1,24,30
3868,0,0,43,13
3869,1,1,16,43
3870,1,0,31,1
3871,0,1,26,3
3872,0,1,13,7
3873,0,1,47,14
3874,1,0,47,12
3875,0,1,36,34
3876,1,1,18,28
3877,1,0,38,21
3878,0,1,12,1
3879,1,1,12,33
3880,1,0,35,25
3881,1,0,11,39
3882,0,1,30,46
3883,1,1,34,18
3884,1,0,14,13
3885,1,1,22,24
3886,0,0,14,6
3887,0,0,50,2
3888,0,1,46,3
3889,1,1,38,37
3890,0,1,29,14
3891,0,1,50,22
3892,1,0,16,17
3893,0,0,8,0
3894,1,1,3,47
3895,0,1,8,27
3896,1,1,25,37
3897,0,1,50,28
3898,0,0,34,28
3899,1,1,5,13
3900,0,0,15,35
3901,0,1,9,1
3902,0,1,13,13
3903,0,0,29,33
3904,1,1,43,21
3905,0,0,22,44
3906,1,0,8,36
3907,0,1,35,3
3908,0,0,38,13
3909,0,0,12,34
3910,0,1,35,36
3911,1,0,3,25
3912,1,0,15,5
3913,1,1,21,21
3914,0,1,10,5
3915,0,0,45,34
3916,0,1,44,30
3917,0,0,14,9
3918,0,1,40,7
3919,1,1,42,23
3920,0,1,24,17
3921,1,1,7,19
3922,1,0,50,38
3923,1,1,15,45
3924,0,0,20,27
3925,0,1,18,6
3926,0,1,1,0
3927,0,0,4,9
3928,1,1,12,47
3929,1,1,0,23
3930,0,0,36,34
3931,0,1,16,16
3932,1,1,6,38
3933,1,1,8,1
3934,1,0,26,0
3935,0,0,18,47
3936,0,0,21,13
3937,1,0,34,13
3938,0,1,22,4
3939,0,1,43,21
3940,1,0,43,38
3941,0,1,48,44
3942,0,1,49,45
3943,0,0,34,13
3944,0,1,21,9
3945,1,0,17,48
3946,1,1,25,46
3947,0,1,15,28
3948,0,0,0,26
3949,0,0,17,4
3950,0,0,39,30
3951,1,0,29,33
3952,0,1,43,40
3953,1,0,3,5
3954,1,1,47,10
3955,1,1,28,44
3956,0,1,47,41
3957,1,1,18,4
3958,1,1,47,22
3959,1,0,23,26
3960,1,1,2,1
3961,1,1,11,3
3962,0,1,4,30
3963,0,0,0,24
3964,1,0,6,25
3965,1,0,25,40
3966,0,1,44,18
3967,0,1,31,49
3968,1,0,42,49
3969,1,1,23,46
3970,0,1,22,22
3971,1,1,9,15
3972,0,1,46,31
3973,1,0,34,43
3974,0,0,2,31
3975,1,1,31,36
3976,1,0,12,43
3977,0,1,48,4
3978,1,0,3,27
3979,0,1,19,18
3980,1,0,39,30
3981,0,0,48,47
3982,0,0,31,0
3983,1,0,2,16
3984,1,1,28,10
3985,0,0,35,46
3986,0,0,50,14
3987,1,1,29,42
3988,1,0,25,31
3989,0,1,28,47
3990,0,0,44,32
3991,1,1,23,15
3992,0,0,21,45
3993,0,0,25,49
3994,1,0,15,42
3995,1,1,49,16
3996,1,1,30,35
3997,1,1,26,5
3998,0,0,10,28
3999,0,1,0,49
4000,0,0,0,13
4001,1,0,0,27
4002,1,0,14,12
4003,1,0,49,42
4004,0,0,33,19
4005,1,1,40,36
4006,1,0,4,40
4007,1,1,48,38
4008,0,0,4,41
4009,0,1,3,47
4010,0,1,13,35
4011,0,0,3,2
4012,1,1,36,23
4013,0,0,6,48
4014,1,1,46,40
4015,1,1,17,5
4016,0,1,50,30
4017,1,1,12,29
4018,1,0,24,44
4019,0,1,25,49
4020,0,1,48,2
4021,1,1,21,50
4022,1,1,38,28
4023,1,0,25,44
4024,0,1,17,4
4025,0,0,6,10
4026,0,1,49,25
4027,0,1,4,20
4028,0,1,14,35
4029,1,0,47,1
4030,0,0,25,15
4031,0,1,39,0
4032,1,1,44,18
4033,1,1,31,2
4034,1,1,16,18
4035,0,1,17,38
4036,1,0,0,17
4037,0,0,12,21
4038,1,0,19,4
4039,1,1,37,43
4040,1,1,26,34
4041,0,0,12,15
4042,1,1,28,8
4043,0,1,33,12
4044,1,0,24,2
4045,1,0,19,36
4046,0,1,49,7
4047,1,1,32,10
4048,0,1,30,36
4049,0,0,13,13
4050,1,0,35,48
4051,0,1,7,27
4052,0,1,0,45
4053,1,1,10,23
4054,1,1,40,17
4055,1,1,31,40
4056,1,1,47,46
4057,0,1,31,22
4058,0,0,42,25
4059,0,0,40,23
4060,1,1,25,42
4061,0,0,38,15
4062,1,1,43,48
4063,0,0,41,34
4064,1,0,8,33
4065,0,0,7,46
4066,0,0,0,4
4067,0,0,11,46
4068,1,0,23,7
4069,0,0,14,25
4070,1,0,4,39
4071,0,1,49,21
4072,1,0,23,47
4073,0,0,49,26
4074,1,0,24,46
4075,1,0,10,9
4076,1,0,9,24
4077,0,0,44,24
4078,1,0,2,50
4079,1,1,25,39
4080,1,0,23,6
4081,1,0,25,31
4082,1,1,8,3
4083,0,1,15,34
4084,0,0,41,30
4085,1,1,2,46
4086,1,0,38,12
4087,1,0,15,27
4088,0,1,47,16
4089,0,0,30,31
4090,0,1,14,14
4091,1,1,44,7
4092,0,0,7,47
4093,0,0,8,28
4094,0,0,39,7
4095,1,0,41,33
4096,0,1,29,49
4097,0,0,16,44
4098,0,1,0,25
4099,0,0,8,12
4100,1,1,25,4
4101,1,1,42,30
4102,0,0,35,38
4103,1,0,37,16
4104,0,0,24,2
4105,1,1,29,42
4106,1,1,27,35
4107,0,1,6,30
4108,0,1,45,26
4109,1,0,24,27
4110,1,1,36,15
4111,1,1,16,47
4112,0,0,7,19
4113,1,0,24,3
4114,0,0,12,45
4115,1,1,38,32
4116,1,1,23,26
4117,1,1,0,8
4118,0,0,0,9
4119,1,0,30,17
4120,0,0,4,10
4121,1,1,6,32
4122,0,0,34,14
4123,1,1,12,45
4124,1,1,24,45
4125,0,0,23,33
4126,1,0,19,39
4127,0,1,22,12
4128,1,0,11,20
4129,0,1,30,19
4130,1,0,23,19
4131,1,0,11,12
4132,1,0,0,0
4133,0,0,49,44
4134,0,0,48,21
4135,1,1,9,18
4136,0,0,24,41
4137,0,0,15,29
4138,0,0,47,36
4139,0,1,4,37
4140,0,1,35,20
4141,1,1,1,2
4142,0,0,1,45
4143,1,0,22,0
4144,1,1,39,46
4145,1,1,31,13
4146,0,0,26,42
4147,0,1,2,15
4148,0,0,37,17
4149,0,0,35,9
4150,0,1,32,36
4151,0,0,17,39
4152,0,1,24,23
4153,0,1,32,13
4154,0,0,15,40
4155,0,0,11,34
4156,0,1,0,42
4157,0,1,23,14
4158,0,1,49,29
4159,0,0,33,7
4160,0,0,26,17
4161,1,1,40,34
4162,0,0,0,11
4163,0,0,37,1
4164,0,1,37,47
4165,0,0,11,32
4166,1,0,50,22
4167,0,0,32,41
4168,0,1,32,32
4169,1,1,5,3
4170,1,1,2,12
4171,1,0,12,15
4172,0,0,23,26
4173,0,0,6,37
4174,0,1,11,26
4175,1,1,30,45
4176,0,0,21,0
4177,0,0,31,31
4178,0,0,18,38
4179,0,1,31,25
4180,0,0,44,13
4181,1,1,47,7
4182,1,0,25,21
4183,0,1,38,33
4184,1,1,21,11
4185,1,1,35,30
4186,0,0,8,1
4187,0,0,16,16
4188,0,1,41,5
4189,0,0,4,36
4190,1,0,18,6
4191,1,1,40,8
4192,1,1,39,46
4193,0,0,26,32
4194,1,1,24,42
4195,0,0,22,2
4196,1,0,14,35
4197,1,1,7,30
4198,0,1,49,42
4199,1,0,3,25
4200,0,1,47,49
4201,0,0,14,7
4202,1,0,4,4
4203,1,1,27,26
4204,0,1,42,15
4205,0,0,34,18
4206,0,0,15,28
4207,1,1,18,28
4208,0,1,26,39
4209,1,1,41,35
4210,1,1,48,40
4211,0,1,17,2
4212,1,1,12,20
4213,1,0,36,50
4214,0,0,21,20
4215,0,1,33,25
4216,0,0,39,41
4217,0,0,25,4
4218,1,0,6,5
4219,0,1,9,39
4220,1,0,20,15
4221,0,0,2,22
4222,1,1,32,19
4223,1,1,24,7
4224,1,1,15,1
4225,1,1,22,35
4226,1,1,39,25
4227,1,1,12,6
4228,1,1,47,42
4229,0,0,16,10
4230,1,1,30,17
4231,1,0,14,21
4232,1,1,44,4
4233,0,0,41,33
4234,0,0,33,31
4235,1,0,10,10
4236,1,0,20,23
4237,0,0,4,50
4238,0,1,27,0
4239,1,0,0,47
4240,0,1,27,41
4241,0,1,3,39
4242,1,1,34,48
4243,1,0,9,0
4244,1,0,9,3
4245,1,1,22,50
4246,0,0,35,18
4247,0,1,47,32
4248,0,1,12,36
4249,0,0,26,29
4250,0,0,8,28
4251,1,1,4,45
4252,1,0,0,14
4253,1,0,21,41
4254,1,1,2,49
4255,1,0,14,34
4256,1,1,31,32
4257,0,0,21,45
4258,1,0,44,15
4259,0,1,36,42
4260,0,0,6,32
4261,1,0,14,46
4262,0,0,47,41
4263,0,1,30,41
4264,1,0,30,39
4265,0,0,17,26
4266,1,0,34,46
4267,0,0,43,4
4268,1,0,49,25
4269,0,0,46,23
4270,1,0,15,4
4271,0,0,4,24
4272,1,1,12,50
4273,1,0,20,3
4274,0,1,49,40
4275,1,1,6,9
4276,1,1,24,9
4277,1,1,49,28
4278,0,1,41,13
4279,0,0,42,23
4280,0,1,27,27
4281,0,0,35,34
4282,1,0,42,3
4283,0,0,29,24
4284,0,1,30,38
4285,1,0,39,0
4286,0,0,33,26
4287,0,1,45,20
4288,0,1,48,25
4289,0,1,47,22
4290,0,0,32,23
4291,1,1,29,13
4292,1,0,5,4
4293,1,0,48,12
4294,1,1,41,28
4295,1,0,17,4
4296,1,0,44,23
4297,0,1,29,1
4298,1,0,24,38
4299,1,0,13,50
4300,0,1,9,36
4301,0,0,29,27
4302,1,1,49,48
4303,0,1,26,44
4304,0,1,41,38
4305,1,0,36,7
4306,0,1,12,28
4307,1,1,24,8
4308,0,0,17,40
4309,0,0,2,12
4310,0,0,40,42
4311,1,1,4,41
4312,0,1,22,28
4313,1,0,43,31
4314,1,1,35,35
4315,1,1,22,50
4316,0,0,33,38
4317,0,1,6,7
4318,1,1,29,41
4319,0,1,26,22
4320,1,0,34,19
4321,0,0,23,1
4322,1,1,0,18
4323,0,1,28,18
4324,0,0,39,18
4325,1,1,4,7
4326,1,1,9,38
4327,1,1,30,45
4328,1,0,42,21
4329,0,1,33,6
4330,0,0,17,27
4331,1,0,41,45
4332,0,0,42,13
4333,0,0,26,34
4334,0,0,1,48
4335,0,0,14,4
4336,1,1,50,47
4337,1,0,23,44
4338,0,1,29,6
4339,1,0,24,49
4340,0,0,38,37
4341,0,0,2,41
4342,1,1,38,30
4343,1,0,29,26
4344,0,0,31,43
4345,1,1,45,1
4346,1,1,46,19
4347,1,0,19,9
4348,1,1,38,11
4349,0,0,27,46
4350,0,0,32,39
4351,0,0,29,40
4352,0,0,20,39
4353,0,1,9,15
4354,0,1,4,12
4355,0,1,7,14
4356,0,1,24,39
4357,0,1,43,7
4358,0,0,14,49
4359,0,1,25,14
4360,1,1,25,43
4361,1,0,33,6
4362,1,0,15,29
4363,1,1,49,8
4364,1,0,37,13
4365,0,1,20,0
4366,1,0,49,11
4367,0,0,13,21
4368,0,1,21,17
4369,1,1,16,40
4370,0,0,25,13
4371,1,0,30,17
4372,1,1,39,5
4373,0,0,40,41
4374,1,1,21,34
4375,0,1,20,34
4376,1,0,33,21
4377,0,1,28,30
4378,0,1,1,17
4379,1,1,29,37
4380,0,1,25,26
4381,0,1,47,46
4382,1,1,15,13
4383,0,1,28,45
4384,0,1,28,39
4385,0,1,14,0
4386,1,0,26,48
4387,0,0,39,24
4388,0,1,28,42
4389,1,1,46,4
4390,0,1,32,45
4391,0,0,12,3
4392,1,1,20,17
4393,1,1,33,22
4394,0,1,32,8
4395,0,0,4,29
4396,0,0,21,35
4397,0,0,17,26
4398,1,0,31,23
4399,0,1,25,28
4400,0,0,35,17
4401,0,1,35,32
4402,1,0,5,25
4403,0,1,21,39
4404,1,1,7,29
4405,0,1,38,21
4406,1,0,14,26
4407,1,1,30,49
4408,0,1,34,31
4409,1,1,0,36
4410,1,1,38,5
4411,1,0,11,28
4412,0,0,20,4
4413,1,1,11,5
4414,0,0,20,46
4415,0,1,29,41
4416,0,1,42,9
4417,1,0,40,11
4418,0,1,17,31
4419,1,0,43,50
4420,0,0,17,49
4421,1,1,39,11
4422,1,0,29,45
4423,1,1,17,34
4424,1,1,39,2
4425,1,1,22,27
4426,0,1,23,17
4427,1,0,37,29
4428,0,1,22,28
4429,0,1,18,12
4430,0,0,39,46
4431,1,1,45,1
4432,0,1,8,18
4433,0,1,14,4
4434,0,1,2,22
4435,1,0,48,14
4436,0,0,44,38
4437,0,1,17,15
4438,1,1,2,49
4439,0,0,39,37
4440,0,0,40,14
4441,0,1,1,10
4442,0,0,40,32
4443,1,1,39,42
4444,0,0,39,6
4445,1,1,37,40
4446,0,1,19,11
4447,1,0,13,15
4448,1,0,16,20
4449,0,0,29,22
4450,0,1,18,35
4451,0,1,40,41
4452,0,1,41,24
4453,0,1,43,28
4454,1,1,9,32
4455,0,1,1,25
4456,1,0,14,38
4457,0,1,18,8
4458,1,0,44,1
4459,1,1,24,21
4460,1,0,7,33
4461,0,1,7,23
4462,1,1,32,41
4463,1,0,24,44
4464,1,0,12,35
4465,0,1,43,7
4466,0,0,25,35
4467,1,1,6,7
4468,1,1,33,21
4469,0,0,7,36
4470,1,0,10,9
4471,0,1,26,28
4472,0,0,19,22
4473,0,1,27,47
4474,1,1,48,7
4475,1,1,42,47
4476,0,0,42,36
4477,0,0,6,13
4478,1,1,20,19
4479,0,0,28,11
4480,0,1,24,11
4481,0,1,22,9
4482,0,0,5,40
4483,0,1,20,40
4484,1,1,33,47
4485,0,0,44,30
4486,0,0,12,35
4487,1,1,7,7
4488,1,0,4,39
4489,0,0,15,9
4490,1,1,1,16
4491,1,1,37,12
4492,0,1,2,28
4493,1,0,15,15
4494,1,0,30,11
4495,1,1,42,34
4496,0,1,47,38
4497,0,1,5,37
4498,0,1,8,39
4499,0,0,20,3
4500,1,0,43,33
4501,0,0,13,36
4502,1,0,21,33
4503,1,1,9,29
4504,0,0,21,7
4505,1,0,43,20
4506,0,1,15,42
4507,0,1,20,10
4508,0,1,12,44
4509,0,0,26,4
4510,1,1,28,4
4511,1,1,46,8
4512,1,1,8,47
4513,1,0,44,18
4514,0,0,46,43
4515,0,0,5,50
4516,0,0,28,12
4517,1,0,40,50
4518,1,0,8,39
4519,0,0,13,46
4520,1,0,14,33
4521,0,1,2,48
4522,0,1,6,48
4523,1,0,43,35
4524,0,1,39,9
4525,0,0,9,37
4526,0,0,12,32
4527,1,1,25,21
4528,1,1,7,9
4529,0,0,46,39
4530,1,1,11,8
4531,1,0,40,8
4532,1,0,7,10
4533,1,0,3,14
4534,0,0,38,0
4535,0,0,11,7
4536,1,0,50,16
4537,0,1,49,13
4538,1,1,25,9
4539,1,1,4,39
4540,1,1,15,47
4541,0,1,26,15
4542,1,0,21,29
4543,1,0,8,20
4544,0,0,4,24
4545,1,1,50,0
4546,0,0,7,26
4547,1,0,19,12
4548,0,0,42,45
4549,0,0,14,15
4550,0,1,1,6
4551,1,0,16,29
4552,1,0,24,0
4553,0,0,18,34
4554,0,1,17,39
4555,1,1,50,29
4556,1,0,41,17
4557,1,0,9,41
4558,1,1,33,37
4559,1,1,47,29
4560,1,0,38,26
4561,1,1,14,36
4562,1,0,50,19
4563,1,1,8,8
4564,1,1,28,35
4565,1,0,39,2
4566,0,1,39,19
4567,1,0,50,32
4568,0,1,36,35
4569,0,0,34,7
4570,0,1,0,2
4571,1,1,37,28
4572,1,1,18,13
4573,0,1,13,49
4574,0,0,16,36
4575,0,1,22,22
4576,0,1,0,4
4577,1,0,37,39
4578,1,1,46,45
4579,0,1,25,39
4580,0,0,0,49
4581,0,1,6,4
4582,1,1,16,9
4583,1,1,1,11
4584,1,1,49,37
4585,0,1,46,32
4586,0,0,32,49
4587,1,0,41,43
4588,1,0,18,50
4589,1,1,22,14
4590,0,0,26,4
4591,0,0,22,49
4592,0,0,27,31
4593,1,1,2,43
4594,0,0,14,10
4595,0,1,29,12
4596,1,1,9,18
4597,0,0,18,19
4598,1,0,36,20
4599,0,0,30,11
4600,0,1,11,44
4601,0,1,33,48
4602,0,1,26,15
4603,0,0,0,10
4604,1,1,47,40
4605,0,0,42,5
4606,0,0,38,34
4607,0,0,2,3
4608,1,0,24,11
4609,1,0,43,7
4610,1,1,16,40
4611,0,0,44,23
4612,1,1,7,21
4613,1,1,0,35
4614,0,0,28,12
4615,1,1,33,32
4616,1,0,2,50
4617,1,0,24,16
4618,0,1,44,16
4619,0,1,34,19
4620,0,1,4,27
4621,0,1,1,7
4622,1,1,25,27
4623,1,1,20,13
4624,0,1,50,25
4625,0,0,49,40
4626,0,1,0,32
4627,1,1,3,40
4628,0,0,48,4
4629,1,1,15,23
4630,1,0,14,36
4631,1,0,3,9
4632,0,0,21,3
4633,1,1,5,40
4634,0,0,33,36
4635,0,0,2,44
4636,0,0,7,42
4637,0,1,1,27
4638,0,0,43,12
4639,1,1,24,30
4640,0,1,20,27
4641,1,1,19,48
4642,1,1,12,50
4643,1,0,35,35
4644,1,0,11,50
4645,0,1,4,33
4646,0,1,1,24
4647,0,0,32,28
4648,0,1,18,15
4649,0,1,45,48
4650,1,0,11,17
4651,0,0,18,0
4652,1,0,39,13
4653,1,0,5,18
4654,1,0,26,30
4655,0,0,18,36
4656,1,0,23,31
4657,1,0,28,16
4658,0,1,25,13
4659,1,1,5,41
4660,1,0,10,44
4661,1,1,33,48
4662,0,0,9,24
4663,1,0,31,0
4664,0,0,6,5
4665,1,0,50,22
4666,1,0,27,37
4667,0,1,45,13
4668,1,0,2,48
4669,0,0,40,25
4670,1,1,11,15
4671,0,0,4,27
4672,0,1,2,9
4673,0,1,18,31
4674,0,1,26,8
4675,0,0,46,6
4676,0,1,16,33
4677,0,1,2,42
4678,0,1,7,27
4679,0,1,10,41
4680,1,0,13,13
4681,0,0,40,9
4682,1,1,22,0
4683,1,1,33,16
4684,0,1,35,19
4685,1,1,16,12
4686,1,1,29,20
4687,0,0,47,48
4688,0,0,29,16
4689,0,0,32,43
4690,0,0,49,11
4691,1,1,25,4
4692,1,1,39,22
4693,0,0,43,24
4694,1,0,16,22
4695,1,0,23,24
4696,0,1,11,16
4697,0,0,19,13
4698,0,1,9,18
4699,1,1,43,25
4700,0,0,15,0
4701,1,1,6,40
4702,1,0,25,28
4703,1,0,49,14
4704,0,0,48,39
4705,0,0,24,26
4706,1,1,1,31
4707,1,0,33,25
4708,1,1,31,42
4709,1,1,23,48
4710,1,0,27,5
4711,0,0,47,12
4712,1,1,39,4
4713,1,1,50,32
4714,0,1,18,16
4715,1,0,17,50
4716,1,1,15,50
4717,0,0,45,41
4718,0,1,32,32
4719,1,1,12,2
4720,0,1,49,43
4721,0,1,32,50
4722,0,0,45,5
4723,0,0,11,17
4724,0,0,20,8
4725,1,1,21,12
4726,0,0,15,21
4727,1,0,8,45
4728,1,0,49,22
4729,1,0,28,2
4730,1,1,4,36
4731,0,1,20,33
4732,0,0,3,25
4733,1,0,20,5
4734,0,1,45,50
4735,1,1,1,6
4736,0,0,37,11
4737,1,0,43,34
4738,1,1,2,3
4739,1,1,44,49
4740,0,0,23,49
4741,1,0,28,35
4742,0,1,39,32
4743,1,1,14,20
4744,0,0,35,30
4745,1,1,32,19
4746,1,0,20,45
4747,1,1,11,12
4748,0,0,42,32
4749,1,0,41,9
4750,0,1,38,47
4751,1,1,41,35
4752,1,0,28,44
4753,1,0,0,40
4754,1,1,45,26
4755,1,1,29,50
4756,0,0,13,23
4757,1,0,34,48
4758,1,1,7,44
4759,0,0,7,25
4760,0,0,26,47
4761,0,1,48,27
4762,0,1,16,47
4763,1,0,33,17
4764,0,1,41,10
4765,0,0,40,9
4766,1,0,26,48
4767,0,0,27,0
4768,0,0,43,41
4769,0,1,34,3
4770,1,0,5,50
4771,1,0,43,43
4772,0,1,15,14
4773,0,1,25,12
4774,1,1,26,13
4775,1,0,21,8
4776,1,0,47,40
4777,0,0,5,44
4778,0,0,34,14
4779,0,0,18,48
4780,1,1,46,46
4781,0,1,31,24
4782,0,0,5,43
4783,1,0,44,32
4784,1,0,7,44
4785,0,1,11,36
4786,0,0,42,2
4787,1,1,28,7
4788,0,1,31,42
4789,0,1,11,7
4790,1,0,13,42
4791,0,0,28,36
4792,0,1,23,23
4793,1,0,36,2
4794,0,0,47,29
4795,1,0,33,43
4796,1,1,1,19
4797,1,0,35,31
4798,0,0,2,30
4799,0,0,19,16
4800,0,1,45,18
4801,1,0,29,34
4802,0,1,31,40
4803,0,1,16,21
4804,1,0,10,45
4805,0,0,1,50
4806,0,0,2,45
4807,1,0,0,20
4808,0,0,49,26
4809,0,1,22,44
4810,0,1,41,18
4811,1,0,10,27
4812,1,0,17,32
4813,0,1,30,48
4814,0,0,14,42
4815,0,0,0,37
4816,0,1,8,2
4817,1,1,49,46
4818,1,1,1,29
4819,0,1,16,42
4820,1,0,34,0
4821,0,1,6,16
4822,1,0,30,28
4823,0,0,25,15
4824,0,1,23,27
4825,1,0,45,30
4826,0,1,31,15
4827,0,1,47,16
4828,1,1,10,20
4829,1,0,7,10
4830,1,1,13,29
4831,1,0,40,25
4832,1,0,39,21
4833,1,1,32,2
4834,0,0,33,3
4835,1,0,47,43
4836,1,0,48,20
4837,1,0,37,5
4838,1,1,48,50
4839,0,1,28,11
4840,0,1,28,15
4841,1,1,2,22
4842,0,0,37,33
4843,1,1,4,10
4844,1,1,36,21
4845,0,0,50,18
4846,1,1,27,48
4847,0,0,43,19
4848,1,0,19,43
4849,0,1,40,32
4850,0,1,39,22
4851,1,1,29,49
4852,0,0,6,1
4853,1,0,12,31
4854,0,0,22,27
4855,1,1,30,10
4856,1,1,41,26
4857,0,1,9,21
4858,0,1,34,9
4859,0,0,18,23
4860,1,0,43,24
4861,0,0,39,29
4862,0,1,38,46
4863,1,1,22,11
4864,0,1,28,34
4865,1,1,27,27
4866,1,1,10,14
4867,1,0,35,3
4868,1,0,30,16
4869,1,1,43,23
4870,1,1,31,4
4871,0,0,16,49
4872,0,1,33,42
4873,1,1,20,6
4874,1,0,11,41
4875,0,1,46,36
4876,0,0,22,29
4877,0,0,50,50
4878,1,0,34,41
4879,1,0,46,11
4880,1,0,9,36
4881,1,1,48,35
4882,1,0,7,46
4883,0,1,12,4
4884,1,0,33,21
4885,0,0,6,23
4886,1,0,11,5
4887,0,0,41,7
4888,1,0,12,1
4889,0,0,18,3
4890,0,1,2,47
4891,1,0,35,37
4892,0,1,33,49
4893,1,1,4,27
4894,1,1,20,50
4895,1,0,0,38
4896,1,1,3,4
4897,0,1,32,39
4898,1,1,22,7
4899,1,0,36,43
4900,0,1,1,48
4901,0,1,19,43
4902,1,0,8,50
4903,0,0,32,47
4904,1,0,30,2
4905,1,1,35,40
4906,1,0,3,6
4907,0,1,29,45
4908,0,0,13,46
4909,1,0,31,42
4910,0,1,25,1
4911,1,0,19,40
4912,0,1,36,13
4913,1,0,13,13
4914,1,0,9,41
4915,1,0,46,47
4916,1,0,31,14
4917,1,1,50,14
4918,1,0,11,4
4919,1,0,35,2
4920,0,0,39,17
4921,0,1,16,32
4922,0,0,46,17
4923,0,0,32,11
4924,0,0,6,44
4925,1,1,19,39
4926,0,1,27,6
4927,0,1,1,37
4928,1,1,10,25
4929,1,1,29,22
4930,0,0,7,43
4931,0,1,5,46
4932,0,1,38,41
4933,0,0,0,8
4934,1,1,39,5
4935,1,0,10,49
4936,0,1,14,38
4937,0,0,3,11
4938,0,1,49,39
4939,0,1,20,14
4940,0,0,22,6
4941,1,0,22,20
4942,1,0,22,45
4943,1,0,29,42
4944,1,0,34,13
4945,0,0,0,36
4946,0,0,25,27
4947,0,0,2,13
4948,1,1,4,35
4949,1,0,14,6
4950,1,0,3,10
4951,1,1,28,11
4952,0,0,19,49
4953,1,0,43,24
4954,1,1,9,42
4955,1,0,46,27
4956,0,0,20,23
4957,0,0,31,21
4958,1,1,49,42
4959,0,1,29,40
4960,1,0,44,22
4961,0,1,10,17
4962,1,1,38,18
4963,1,1,44,33
4964,1,0,13,23
4965,1,0,24,42
4966,0,1,50,43
4967,0,0,16,3
4968,1,0,37,25
4969,1,1,36,26
4970,1,0,45,32
4971,1,1,40,3
4972,0,1,28,30
4973,0,1,18,7
4974,1,1,11,37
4975,1,1,29,10
4976,0,1,17,1
4977,1,0,18,44
4978,1,1,34,26
4979,0,0,31,50
4980,0,0,28,31
4981,1,1,44,30
4982,1,0,40,41
4983,1,1,15,38
4984,1,0,23,34
4985,0,1,0,20
4986,1,0,15,28
4987,1,1,43,7
4988,1,0,9,46
4989,0,0,1,41
4990,0,1,27,21
4991,0,0,2,3
4992,1,1,21,43
4993,0,1,23,47
4994,1,0,10,48
4995,0,1,16,20
4996,1,0,45,49
4997,1,0,40,6
4998,0,1,15,20
4999,0,1,0,12
