id,createdAt,updatedAt,uuid,nickname,farmId,username,password,name,age
0,2024-02-01,2024-02-01,58c419fd-164e-4558-97f7-7ac776c9af22,ifQ5y,0,7OXLB,Pulr6vXm,TYdGk,47
1,2024-02-01,2024-02-01,d4c3b8f2-27d5-4a6a-8bf4-5e934cb80b9e,iriQG,1,BzUhK,HNLmwCtM,tdhZt,38
2,2024-02-01,2024-02-01,dc837950-aeda-412c-b5a3-e31cf6346183,goRnX,2,LnErq,ml6RmfUE,qZLeZ,30
3,2024-02-01,2024-02-01,2345bfa1-edd8-424b-9b31-ed1ab5d9b12d,7lGv2,3,En4pm,K69N2ffT,kyawc,29
4,2024-02-01,2024-02-01,8255fa34-b1bf-4155-931a-dc57a40ab6c5,twyMa,4,oX2lw,KJNMC7Uz,pgxLo,49
5,2024-02-01,2024-02-01,bc806201-c7ba-4ef5-ab7d-31bfc42eeae8,OKsJd,5,Yflfx,I9pRRPxU,DTRUY,50
6,2024-02-01,2024-02-01,e238e39e-3ec8-4684-9bb6-c4c5f484d390,doavv,6,0so6P,BnWDpxoy,Fdnhn,20
7,2024-02-01,2024-02-01,b4a9fc36-3170-45b3-a158-dfe6d8a389bd,1N5dQ,7,9Vem2,BQoAbVJU,YEXJh,27
8,2024-02-01,2024-02-01,a83e64b6-8ce4-4ca5-93d0-073fb1c8822f,QBryh,8,4qI1w,FJJMtWYh,DifKT,34
9,2024-02-01,2024-02-01,b7990626-3e6e-4c56-b4a4-d3116c90dcd0,YSDSr,9,Gfw4Y,sKtlNkF1,FVOSD,52
10,2024-02-01,2024-02-01,60a7c60e-514d-479b-b7d1-0f2e16209238,kB2Ps,10,ksFpR,PvkTGEfg,XEeLc,28
11,2024-02-01,2024-02-01,4371645d-117e-4586-850d-062473b9ce6c,dbxGG,11,jbixb,lepSr4F0,yNjiT,20
12,2024-02-01,2024-02-01,7295f223-39f6-4d7f-a23b-bb50812a6bab,ZF2cP,12,4nqDA,aqlF3jjX,nCkvy,24
13,2024-02-01,2024-02-01,c60fa7bd-11bc-48f1-b339-152257295fb4,GiaWQ,13,ThPKn,i0PWcUek,vJQtc,49
14,2024-02-01,2024-02-01,d7d7dd76-e990-460f-84dc-d265b2cd147f,Z8kjA,14,pS4pu,OmocxBYO,aRUdn,50
15,2024-02-01,2024-02-01,31143bd2-dafc-44e0-b6e6-5f587f30d62d,4MRfl,15,DJgZ0,LNWltOwC,IdKJH,23
16,2024-02-01,2024-02-01,4849832f-a652-4e9a-a9a3-16389c137da7,vK1go,16,t6dqi,p6SNqk2a,YwCtX,60
17,2024-02-01,2024-02-01,a24d6b5c-e2e5-4fb1-a563-25dfda167b57,O2h1V,17,ylSIh,sCVragoE,NhbDJ,19
18,2024-02-01,2024-02-01,bd13ce16-5fd3-4fc8-9179-63bdc5a62945,ASMxk,18,YN8nK,62yXZxwL,CjsOH,34
19,2024-02-01,2024-02-01,ad1603cc-a7a5-49d9-ab37-7a329eaa4938,zzUkX,19,aObOG,iiw8JEDC,Hrroj,32
20,2024-02-01,2024-02-01,2c3d9831-8e3c-492b-b3d4-448e95c79b6a,0Veu6,20,QZOHP,HHsjbDZa,qfyVV,47
21,2024-02-01,2024-02-01,712b4014-afaa-4d90-9a3e-8408a3cbd947,9uEGK,21,JdMEc,t5hGVmmM,YEGCB,46
22,2024-02-01,2024-02-01,5a75c144-4e75-4942-8329-4beb25289020,RHrIG,22,VJ9gn,cJfP4eKl,Kdxum,40
23,2024-02-01,2024-02-01,89393d51-cce5-4a6c-b2ab-8f7533fe8ac3,JuPC0,23,5SBS5,52XKeXfu,VDhEn,49
24,2024-02-01,2024-02-01,b4dbdd57-0cf1-4812-af95-8e44c1ad6180,CksFQ,24,gago8,ZjGOXHIj,TGxrO,22
25,2024-02-01,2024-02-01,7268f47d-e8bc-4069-a051-b5b36da3ea68,PgDGK,25,yXc4X,duPtKDzx,FQwaV,40
26,2024-02-01,2024-02-01,f73a7071-75fc-40b8-85c7-79ece1e8fb61,kUYFX,26,le8ZG,ggVDI3Lf,NFxAc,46
27,2024-02-01,2024-02-01,0b2a097f-4594-4484-98cb-49f401cdb774,QSSr9,27,kltNw,40lzOfvR,gJhlL,47
28,2024-02-01,2024-02-01,35c469ea-909f-486b-af24-e48228b58783,CfbQw,28,1TGrm,gP8JULkb,OiwQL,28
29,2024-02-01,2024-02-01,7e6eb1e5-285f-4a9b-b3f2-131e713d6452,jATjv,29,WHThK,JCj7MMmW,AnEEU,40
30,2024-02-01,2024-02-01,a37ea7f7-ef36-4aa0-98c2-67d4adc94e71,JPFmA,30,JxNRn,SIZf87Ox,vqcQc,28
31,2024-02-01,2024-02-01,b803bba0-1f67-465e-8e4b-6ec0b0bab4fb,APdQI,31,JkrlU,BLNsZugn,MMtWD,21
32,2024-02-01,2024-02-01,9bdaf290-d54d-4622-91e3-8bf77cd68415,HiYPf,32,TKu3C,JLi38mNd,rDPpA,32
33,2024-02-01,2024-02-01,0aca1fe5-b591-4d1e-a301-409f61c796ff,N8apM,33,sNf3A,suxQOYh3,Mrfmk,37
34,2024-02-01,2024-02-01,093e825e-4bfa-4991-97ec-3a041641d9c7,uV5nu,34,RgoRP,0gxZZrRd,gsmkr,19
35,2024-02-01,2024-02-01,225b3406-c1a7-4355-9992-b9a4f120b504,q7zZp,35,DCJs6,CnZwo305,RiUXb,38
36,2024-02-01,2024-02-01,3ed2e90c-5098-424f-8654-35223c0d1609,9nFbg,36,DuKZ5,LVhzXtSE,mFxKR,28
37,2024-02-01,2024-02-01,55d38914-a039-4ace-9e3b-fd5d38a812a2,rBBvR,37,kfBcF,59lnuubh,HPEXr,19
38,2024-02-01,2024-02-01,c90918ca-0a18-4182-9650-665c8b85d8aa,nDlta,38,5yYpY,61hKvKd7,Jyrke,30
39,2024-02-01,2024-02-01,0193b50d-c519-44c0-8d53-23d93a1b82cf,RGkC7,39,Z24NR,DfO8PDEC,yDGIR,20
40,2024-02-01,2024-02-01,b68a1d5a-5579-4c9c-8a92-0affe9f67ecb,y59uo,40,BTGy1,fVoZlzuX,UBptE,18
41,2024-02-01,2024-02-01,cc53be86-4da9-4ade-adda-c480a9677af8,SNgrX,41,XVHOI,uKDCFJ3l,bGabt,36
42,2024-02-01,2024-02-01,43d83242-4b13-47bc-97d3-330a24ab132b,l55sf,42,T7EQI,hk2r83r2,oyQBl,56
43,2024-02-01,2024-02-01,194d9ace-753b-4630-9698-92d170759846,g0Dj0,43,MwMro,PJtQwQN7,vFGXT,43
44,2024-02-01,2024-02-01,be42e1aa-d019-4c10-95a1-e59d5e0a1e5e,r6NA9,44,yp3Rv,YrhHZawJ,IPZRM,27
45,2024-02-01,2024-02-01,0e10a63e-6f53-4c56-955f-f831cb69e417,y0a3p,45,gmjYk,wfuVY2jD,haqzw,50
46,2024-02-01,2024-02-01,e2d51e7e-ac32-45e7-b677-f968e34529f2,DkXXH,46,WC4sx,iTgk97Up,hQKZN,32
47,2024-02-01,2024-02-01,0efbbb3b-4ae0-4531-96fb-cb4eb1a8db2f,eD2ia,47,k9jTB,vF2KKTAW,VujVe,47
48,2024-02-01,2024-02-01,a5e0cecf-23e8-41d3-9095-88bdc13c8063,Ya16R,48,Yvje2,dWhEp6Zt,wDWLM,18
49,2024-02-01,2024-02-01,bde8335c-b5a2-4158-9c99-310aef6bfc41,Li6Wt,49,cyjZM,RxUWnCHl,NnyNG,21
